0,5,1.0
0,5,1.0
0,5,1.0
0,5,1.0
0,5,1.0
0,5,1.0
0,5,1.0
0,5,1.0
0,5,1.0
0,5,1.0
0,5,1.0
0,5,1.0
0,5,1.0
0,5,1.0
0,5,1.0
0,5,1.0
0,5,1.0
0,5,1.0
0,5,1.0
0,5,1.0
0,5,1.0
0,5,1.0
0,5,1.0
0,5,1.0
0,5,1.0
0,5,1.0
0,5,1.0
0,5,1.0
0,5,1.0
0,5,1.0
0,5,1.0
0,5,1.0
0,5,1.0
0,5,1.0
0,5,1.0
0,5,1.0
0,5,1.0
0,5,1.0
0,5,1.0
0,5,1.0
0,5,1.0
0,5,1.0
0,5,1.0
0,5,1.0
0,5,1.0
0,5,1.0
0,5,1.0
0,5,1.0
0,5,1.0
0,5,1.0
0,5,1.0
0,5,1.0
0,5,1.0
0,5,1.0
0,5,1.0
0,5,1.0
0,5,1.0
0,5,1.0
0,5,1.0
0,5,1.0
0,5,1.0
0,5,1.0
0,5,1.0
0,5,1.0
0,5,1.0
0,5,1.0
0,5,1.0
0,5,1.0
0,5,1.0
0,5,1.0
0,5,1.0
0,5,1.0
0,5,1.0
0,5,1.0
0,5,1.0
0,5,1.0
0,5,1.0
0,5,1.0
0,5,1.0
0,5,1.0
0,5,1.0
0,5,1.0
0,5,1.0
0,5,1.0
0,5,1.0
0,5,1.0
0,5,1.0
0,5,1.0
0,5,1.0
0,5,1.0
0,5,1.0
0,5,1.0
0,5,1.0
0,5,1.0
0,5,1.0
0,5,1.0
0,5,1.0
0,5,1.0
0,5,1.0
0,5,1.0
5,5,0.9673992358831366
5,5,0.9687328725617282
5,5,0.9913845037763439
5,5,0.8715413989964594
5,5,0.9903393762290218
5,5,0.9773561098964447
5,5,0.8959458774262562
5,5,0.9674194285047127
5,5,0.990140392709144
5,5,0.9842919706721545
5,5,0.9914196894338944
5,5,0.7404622781958078
5,5,0.9433161058535564
5,5,0.9948722571626921
5,5,0.9908783285916992
5,5,0.7242349395537395
5,5,0.9622361044401719
5,5,0.942827413553601
5,5,0.974101799037689
5,5,0.6608509316706586
5,5,0.8672472715998594
5,5,0.9952151083236883
5,5,0.9670983085539238
5,5,0.951937376247353
5,5,0.8926173658100368
5,5,0.9737547369455994
5,5,0.9388882216714699
5,5,0.9744420601424119
5,5,0.9874750922877773
5,5,0.8951288716118037
5,5,0.9933495609742611
5,5,0.9195159173557694
5,5,0.9834591212436729
5,5,0.9561446426579616
5,5,0.972090388051356
5,5,0.9913588142885688
5,5,0.7843662453103399
5,5,0.9944583255569073
5,5,0.9837746790335685
5,5,0.9901634539204187
5,5,0.9835918729475305
5,5,0.9707315271393003
5,5,0.8906342866389642
5,5,0.9783426464000005
5,5,0.9470460888490607
5,5,0.9175919390863725
5,5,0.9730499579181122
5,5,0.9566027233652241
5,5,0.9908829951234732
5,5,0.797529219812417
5,5,0.9948492259246284
5,5,0.9901879474123515
5,5,0.9289423229966128
5,5,0.8008147670307325
5,5,0.9669790342710286
5,5,0.9735937849337086
5,5,0.8785676671578952
5,5,0.9557133085658651
5,5,0.9916360933159728
5,5,0.9902894773873399
5,5,0.988678689325539
5,5,0.9708135734831486
5,5,0.9954544838547512
5,5,0.9913845037763439
5,5,0.8457491303817258
5,5,0.9818626133040262
5,5,0.9729945361893977
5,5,0.9657362330245159
5,5,0.9885031696398028
5,5,0.9674380159876493
5,5,0.9666474539503618
5,5,0.9992233920535836
5,5,0.8294528737509564
5,5,0.9275364917448394
5,5,0.9929120703692144
5,5,0.9774093378477047
5,5,0.9484070585600206
5,5,0.9719273945458315
5,5,0.9715164471088398
5,5,0.9922818139805366
5,5,0.9933973287074002
5,5,0.9810139400813237
5,5,0.9884324957846967
5,5,0.7154968119054688
5,5,0.9745744719316943
5,5,0.9777192316899356
5,5,0.9981483889841387
5,5,0.9273342105293881
5,5,0.8933110919955153
5,5,0.983092456951717
5,5,0.850006586748788
5,5,0.8723101652501074
5,5,0.9868395746785676
5,5,0.9749913680238395
5,5,0.9308693706590792
5,5,0.9929798765794684
5,5,0.9914592336809873
5,5,0.9897615806126283
5,5,0.9885324241706278
5,5,0.9830553418592605
10,5,0.9332275768449801
10,5,0.8277820371160441
10,5,0.7958155290921531
10,5,0.9590332114177436
10,5,0.9070950869632247
10,5,0.8500899455283186
10,5,0.8218914523654515
10,5,0.701669986394506
10,5,0.9874824506547417
10,5,0.8942703242022582
10,5,0.9718861805514967
10,5,0.535159708592185
10,5,0.9268673785474315
10,5,0.6296916656577174
10,5,0.9811264641532851
10,5,0.7376842946638758
10,5,0.8081111684492337
10,5,0.9477878943749088
10,5,0.8859375253872427
10,5,0.8754898325589453
10,5,0.5919855475381611
10,5,0.9897528221392548
10,5,0.8144245187399607
10,5,0.5523706290507383
10,5,0.9747531554405178
10,5,0.9013156634813052
10,5,0.9476935118571365
10,5,0.8779837805920405
10,5,0.9240409329861469
10,5,0.8392796265925636
10,5,0.8051170251005587
10,5,0.801361379902136
10,5,0.858820822551297
10,5,0.8897223577867984
10,5,0.9713177589244066
10,5,0.9845513131611172
10,5,0.9198372163486958
10,5,0.9742972562843577
10,5,0.9709302964931467
10,5,0.8255632689417749
10,5,0.9819404712812818
10,5,0.8390930184192253
10,5,0.8789458319653948
10,5,0.9781368144006781
10,5,0.9299992489696394
10,5,0.9839221505056155
10,5,0.8601412478026899
10,5,0.9682056287209958
10,5,0.9007902375875648
10,5,0.7104893567223521
10,5,0.9823709349562416
10,5,0.9292865571151524
10,5,0.7374922069247459
10,5,0.9146880068058757
10,5,0.9425118826509471
10,5,0.9375307289309797
10,5,0.8022813745729691
10,5,0.9655831277083076
10,5,0.9376724464925538
10,5,0.9982940428270761
10,5,0.806700993755448
10,5,0.8237688897073041
10,5,0.8528681760321366
10,5,0.6449294984982741
10,5,0.7499328112154646
10,5,0.8288370875999476
10,5,0.9166318870000051
10,5,0.9864290761243492
10,5,0.823514821358103
10,5,0.8026110981702074
10,5,0.9809601288332158
10,5,0.9873626678769802
10,5,0.7225706289689059
10,5,0.9917049024495228
10,5,0.9809693352905244
10,5,0.7825297618279208
10,5,0.8603365290066891
10,5,0.8112020990481807
10,5,0.9126587582130046
10,5,0.9714591016801121
10,5,0.9905453367498832
10,5,0.9810139400813237
10,5,0.8268590270382353
10,5,0.8027877022781712
10,5,0.9730837166653696
10,5,0.9806132326989274
10,5,0.8761985739116609
10,5,0.7974343659761638
10,5,0.9678480397130825
10,5,0.8114918070947759
10,5,0.9085830224382502
10,5,0.688313690171915
10,5,0.9648506237701016
10,5,0.6879176587799143
10,5,0.7957178803213159
10,5,0.90233981017641
10,5,0.8353054053196449
10,5,0.700670462153273
10,5,0.9268018321482705
10,5,0.986487424888021
15,5,0.9540014413836203
15,5,0.7071748673039857
15,5,0.7751285424070212
15,5,0.8045685547465145
15,5,0.7903021503413856
15,5,0.7579905228021887
15,5,0.7045089599411065
15,5,0.6902855834263054
15,5,0.9288834077866757
15,5,0.8273940002435454
15,5,0.7524279074391569
15,5,0.3489524535047359
15,5,0.8703914587122636
15,5,0.7003241540186226
15,5,0.7969024059951175
15,5,0.7626224982533293
15,5,0.7997397785574308
15,5,0.903499359489207
15,5,0.8444482421980244
15,5,0.5818935128767463
15,5,0.9715457016396649
15,5,0.9540014413836203
15,5,0.9788666449816553
15,5,0.5809897908084143
15,5,0.777905441529419
15,5,0.7953375036424949
15,5,0.8401901976967834
15,5,0.9008306431521681
15,5,0.7540483428153151
15,5,0.9442952684904272
15,5,0.8180197528286968
15,5,0.7970089025245108
15,5,0.686759046013013
15,5,0.695573403651715
15,5,0.8134144025061809
15,5,0.556121991096073
15,5,0.4925067058324491
15,5,0.6820901649475831
15,5,0.9879764569966627
15,5,0.8691564991922045
15,5,0.880165328521263
15,5,0.8319571819086483
15,5,0.8702788014803616
15,5,0.8620204998673878
15,5,0.782813516196
15,5,0.6467472217780045
15,5,0.8962810032834713
15,5,0.7891818449719604
15,5,0.5699085471659346
15,5,0.5662413240637341
15,5,0.9730837166653696
15,5,0.7256748621954683
15,5,0.6243895545625645
15,5,0.7470089763556954
15,5,0.9129193961453318
15,5,0.9709137142178302
15,5,0.667025275108482
15,5,0.9455290809112783
15,5,0.7260193258023472
15,5,0.5922570929349501
15,5,0.7380706888311752
15,5,0.782277160464341
15,5,0.8061742814290234
15,5,0.8595676079540936
15,5,0.6973084648907185
15,5,0.7665499750345817
15,5,0.7919359579186188
15,5,0.7173328269628761
15,5,0.7109856067791696
15,5,0.7048118199032393
15,5,0.6473813882186404
15,5,0.8523209568845705
15,5,0.9537850961669117
15,5,0.9062268028308764
15,5,0.8789520526796114
15,5,0.8000531233114958
15,5,0.8045685547465145
15,5,0.9817162520156543
15,5,0.8913302505353073
15,5,0.6393334599130008
15,5,0.7304339648449139
15,5,0.9540906218595924
15,5,0.784076199376891
15,5,0.7994045355259793
15,5,0.8274054743441844
15,5,0.5382014162214718
15,5,0.855172271812971
15,5,0.7531161269738786
15,5,0.7890932702486226
15,5,0.8474977788895456
15,5,0.7935488945358576
15,5,0.8712062110462886
15,5,0.807160924369451
15,5,0.7090284991760312
15,5,0.5167743965924765
15,5,0.8012490554110764
15,5,0.7432810235394872
15,5,0.4774461661247998
15,5,0.7479235831379679
15,5,0.5784556660280916
20,5,0.6852458959813539
20,5,0.728740845931435
20,5,0.7402377139929661
20,5,0.6809619466612163
20,5,0.7056629929768546
20,5,0.7969024059951175
20,5,0.8280841605200516
20,5,0.5918762068772185
20,5,0.7811548484326327
20,5,0.8016090009641839
20,5,0.7793154096808032
20,5,0.7969024059951175
20,5,0.7053432434343069
20,5,0.7479235831379679
20,5,0.7429144332277924
20,5,0.8035720650991005
20,5,0.8848496864137851
20,5,0.6350527740705862
20,5,0.954127536967441
20,5,0.7777221134069476
20,5,0.8920942229484637
20,5,0.6508165670369862
20,5,0.6531570446375182
20,5,0.6935949602183157
20,5,0.6959866658470917
20,5,0.5691901920629564
20,5,0.954056863112335
20,5,0.821384952631145
20,5,0.7783570697933424
20,5,0.7997397785574308
20,5,0.7969024059951175
20,5,0.8351367906812184
20,5,0.7510095192528514
20,5,0.5834154232292834
20,5,0.6644210403283223
20,5,0.8028737759047845
20,5,0.4185794236815461
20,5,0.5932355666822682
20,5,0.7819761674121948
20,5,0.7697813145692858
20,5,0.7915552769052883
20,5,0.6880088316416287
20,5,0.5551099535829974
20,5,0.8008497273016999
20,5,0.7449176006812103
20,5,0.5218367596627714
20,5,0.6976929040336703
20,5,0.7981112580167558
20,5,0.6504690349019091
20,5,0.5932355666822682
20,5,0.691035967725922
20,5,0.7510095192528514
20,5,0.7783570697933424
20,5,0.628036554865314
20,5,0.8000531233114958
20,5,0.7636314869490577
20,5,0.8016090009641839
20,5,0.6201533015828767
20,5,0.9616214932669435
20,5,0.9593490003326572
20,5,0.8016090009641839
20,5,0.6843941841652155
20,5,0.7969024059951175
20,5,0.7969024059951175
20,5,0.6566388607188604
20,5,0.7510095192528514
20,5,0.7757362964559655
20,5,0.5159110186930705
20,5,0.5238680222320952
20,5,0.7479235831379679
20,5,0.7827107260853208
20,5,0.6417480099108089
20,5,0.5932355666822682
0,10,1.0
0,10,1.0
0,10,1.0
0,10,1.0
0,10,1.0
0,10,1.0
0,10,1.0
0,10,1.0
0,10,1.0
0,10,1.0
0,10,1.0
0,10,1.0
0,10,1.0
0,10,1.0
0,10,1.0
0,10,1.0
0,10,1.0
0,10,1.0
0,10,1.0
0,10,1.0
0,10,1.0
0,10,1.0
0,10,1.0
0,10,1.0
0,10,1.0
0,10,1.0
0,10,1.0
0,10,1.0
0,10,1.0
0,10,1.0
0,10,1.0
0,10,1.0
0,10,1.0
0,10,1.0
0,10,1.0
0,10,1.0
0,10,1.0
0,10,1.0
0,10,1.0
0,10,1.0
0,10,1.0
0,10,1.0
0,10,1.0
0,10,1.0
0,10,1.0
0,10,1.0
0,10,1.0
0,10,1.0
0,10,1.0
0,10,1.0
0,10,1.0
0,10,1.0
0,10,1.0
0,10,1.0
0,10,1.0
0,10,1.0
0,10,1.0
0,10,1.0
0,10,1.0
0,10,1.0
0,10,1.0
0,10,1.0
0,10,1.0
0,10,1.0
0,10,1.0
0,10,1.0
0,10,1.0
0,10,1.0
0,10,1.0
0,10,1.0
0,10,1.0
0,10,1.0
0,10,1.0
0,10,1.0
0,10,1.0
0,10,1.0
0,10,1.0
0,10,1.0
0,10,1.0
0,10,1.0
0,10,1.0
0,10,1.0
0,10,1.0
0,10,1.0
0,10,1.0
0,10,1.0
0,10,1.0
0,10,1.0
0,10,1.0
0,10,1.0
0,10,1.0
0,10,1.0
0,10,1.0
0,10,1.0
0,10,1.0
0,10,1.0
0,10,1.0
0,10,1.0
0,10,1.0
0,10,1.0
5,10,0.9786293126504441
5,10,0.9742671497735942
5,10,0.9891159099716593
5,10,0.9105554960479205
5,10,0.993667198429117
5,10,0.9732422314262552
5,10,0.8814955523218857
5,10,0.9788429558981165
5,10,0.9935367593211324
5,10,0.9844665616636665
5,10,0.9885178591217492
5,10,0.8221856525660016
5,10,0.9576057680707044
5,10,0.9966386251379811
5,10,0.9940204963578954
5,10,0.8192285043503029
5,10,0.9752447395951402
5,10,0.9652073738913317
5,10,0.9829843406232065
5,10,0.7775044593838939
5,10,0.8994456826232206
5,10,0.9916269754131819
5,10,0.9784320466034127
5,10,0.9494080188480971
5,10,0.9222774188844656
5,10,0.9723626756108608
5,10,0.9546829491632046
5,10,0.9832460754589264
5,10,0.987548437778802
5,10,0.9260177257313034
5,10,0.9957412778692175
5,10,0.9430341329372428
5,10,0.9831552208604118
5,10,0.9660263096495524
5,10,0.9817044904572229
5,10,0.9890990698138812
5,10,0.8274612311571967
5,10,0.9911308837313293
5,10,0.9892225739731962
5,10,0.9893107319301836
5,10,0.9894909822726733
5,10,0.9755505382391084
5,10,0.9230714030660968
5,10,0.9858030158144374
5,10,0.9654876777676253
5,10,0.9459792752539408
5,10,0.9766264117888133
5,10,0.9564625656782637
5,10,0.9940235553963641
5,10,0.8402942362441221
5,10,0.9966235275351712
5,10,0.9883047507816869
5,10,0.94892868979465
5,10,0.8659865006028453
5,10,0.978254541743587
5,10,0.982936963714372
5,10,0.9151614058840801
5,10,0.975571786071422
5,10,0.9943759448007128
5,10,0.9883980903980127
5,10,0.9926355661810761
5,10,0.975598100620796
5,10,0.9972672462871878
5,10,0.9891159099716593
5,10,0.8987102563396256
5,10,0.9882346895725822
5,10,0.9679593050696843
5,10,0.977539169056705
5,10,0.9865781084746802
5,10,0.9786547340634504
5,10,0.9782039140080224
5,10,0.9994909123738159
5,10,0.892534533620925
5,10,0.9523240956524325
5,10,0.9901172714104538
5,10,0.9851912066801397
5,10,0.9609430260015681
5,10,0.9800977824237745
5,10,0.9754182489580254
5,10,0.9949405191934646
5,10,0.9904353714461449
5,10,0.9817887914026032
5,10,0.9867100836380702
5,10,0.8160296730018278
5,10,0.9780964770037597
5,10,0.9853943505202697
5,10,0.9987862186306087
5,10,0.9525596600771093
5,10,0.9248261217642665
5,10,0.9889166457866211
5,10,0.9063287945430085
5,10,0.8728997060697513
5,10,0.985665880538733
5,10,0.9778990589034036
5,10,0.9494465947025472
5,10,0.9955223579471794
5,10,0.9885437814509949
5,10,0.9880520397077664
5,10,0.9880030529819849
5,10,0.9888923158342924
10,10,0.9562288609646411
10,10,0.8820984421882822
10,10,0.8609151292087593
10,10,0.967908758143212
10,10,0.9393452589805357
10,10,0.8636021494954478
10,10,0.8325392400391564
10,10,0.7287427130379274
10,10,0.9857926226906268
10,10,0.9254549245589628
10,10,0.9666916899274886
10,10,0.6341935435296842
10,10,0.9518854737571908
10,10,0.7487532961980794
10,10,0.9877119156014533
10,10,0.819263485058945
10,10,0.8689752551469468
10,10,0.9657735450256324
10,10,0.9004366689219833
10,10,0.9141390549543753
10,10,0.6272261119780314
10,10,0.9880462982903122
10,10,0.8748643924047096
10,10,0.6626016753168642
10,10,0.9834500068860522
10,10,0.9045538980343317
10,10,0.9604752767352632
10,10,0.9202620060676416
10,10,0.8786502371202429
10,10,0.8449077236630713
10,10,0.8523870720225639
10,10,0.8017101611029357
10,10,0.8917207231932337
10,10,0.892137746138349
10,10,0.9812988325428762
10,10,0.9898729657006972
10,10,0.9474511155523516
10,10,0.9832185674492642
10,10,0.983413985917555
10,10,0.8158152466632824
10,10,0.9426506029547028
10,10,0.8892644798278216
10,10,0.9183542824728999
10,10,0.985668087341955
10,10,0.9541126042585574
10,10,0.9707896533358745
10,10,0.8009570900401815
10,10,0.8970353839499648
10,10,0.9349653030542571
10,10,0.6394237447957167
10,10,0.985859678449235
10,10,0.9483760122004429
10,10,0.7463977817435914
10,10,0.9466815395360794
10,10,0.9623149758767254
10,10,0.9163094321847737
10,10,0.8464758930063591
10,10,0.972202406375187
10,10,0.8765000999639105
10,10,0.9990821051203901
10,10,0.8714014471382778
10,10,0.7743340946126699
10,10,0.8944893058546025
10,10,0.7160196026797997
10,10,0.8365444114586119
10,10,0.8855254260065331
10,10,0.908869125720634
10,10,0.9911038903827062
10,10,0.8693694597619827
10,10,0.8653698095226569
10,10,0.9875188467232677
10,10,0.9864794871789782
10,10,0.8129011055229257
10,10,0.9944210510587936
10,10,0.9822884838228269
10,10,0.8055549339057982
10,10,0.9032103990899035
10,10,0.8727828944294477
10,10,0.9429923967705748
10,10,0.9803378229288604
10,10,0.988565813167417
10,10,0.9811771887958993
10,10,0.8850985483115661
10,10,0.864720192961323
10,10,0.9664058199679126
10,10,0.9872914468745381
10,10,0.8164515798033761
10,10,0.8207412793141651
10,10,0.9308414398543228
10,10,0.775321422818758
10,10,0.9403206411439444
10,10,0.7440026754499871
10,10,0.9769586281091949
10,10,0.7114183692342253
10,10,0.7965011540022038
10,10,0.8407215834756557
10,10,0.8387259248267938
10,10,0.6644570878981291
10,10,0.9467802126053312
10,10,0.9910008526450239
15,10,0.9640007258471587
15,10,0.6954625501021139
15,10,0.841575280256763
15,10,0.8405338957448766
15,10,0.7652783636094804
15,10,0.7413296728577129
15,10,0.7552525117259373
15,10,0.6864313648110523
15,10,0.8570942076887236
15,10,0.7448727940040542
15,10,0.6633545928663979
15,10,0.503772946595268
15,10,0.8452435775994793
15,10,0.7451087717740684
15,10,0.7400246283388247
15,10,0.7013914408128178
15,10,0.8244922650621987
15,10,0.9367412061264762
15,10,0.7513714495847592
15,10,0.6133152684702431
15,10,0.976084251762905
15,10,0.973078788674017
15,10,0.940614961046648
15,10,0.672635635786741
15,10,0.8119190757759233
15,10,0.8606017705281727
15,10,0.8002577919318988
15,10,0.9351092527646837
15,10,0.7848247264276774
15,10,0.920087898642778
15,10,0.8766984832137023
15,10,0.7701048610294141
15,10,0.7271531840753638
15,10,0.6944107134424519
15,10,0.8543662559437314
15,10,0.5843013425503648
15,10,0.6568817309511196
15,10,0.7579109561145669
15,10,0.9868818426369138
15,10,0.8276926265228578
15,10,0.9192317960841773
15,10,0.7512948236981413
15,10,0.901432932892411
15,10,0.9043142877791609
15,10,0.7520584596141517
15,10,0.6782164933222601
15,10,0.8177011177871414
15,10,0.8093720562266072
15,10,0.6179269205219041
15,10,0.538536139368831
15,10,0.9638484785413416
15,10,0.8149360148123879
15,10,0.6259182205316064
15,10,0.7366330972206782
15,10,0.784405928945151
15,10,0.9757078376535511
15,10,0.6668960783315826
15,10,0.9590564333956462
15,10,0.7564474943219572
15,10,0.7338164496777315
15,10,0.7150523885979427
15,10,0.7854126009645083
15,10,0.8499745896015878
15,10,0.7979456281745331
15,10,0.7076759270884818
15,10,0.8061975375736551
15,10,0.8583719648122824
15,10,0.7064785852220092
15,10,0.6646366443822057
15,10,0.8006796857793437
15,10,0.7676365148725974
15,10,0.8377039356982552
15,10,0.9695635869356685
15,10,0.9080572756107946
15,10,0.8713375438176775
15,10,0.7654819949987713
15,10,0.7102686703285375
15,10,0.9458832824689306
15,10,0.851690171315336
15,10,0.762567276908683
15,10,0.7729979930707138
15,10,0.9640318470967707
15,10,0.8582819730726917
15,10,0.7672975825775431
15,10,0.8816231973065108
15,10,0.6165948507308516
15,10,0.8156470026295222
15,10,0.7600748934715676
15,10,0.6885710727898064
15,10,0.8355418376016461
15,10,0.8646656866069544
15,10,0.8706650132705013
15,10,0.6357023559495107
15,10,0.6524110469325676
15,10,0.6075022781539173
15,10,0.8472247076528252
15,10,0.8144807575349725
15,10,0.4485135279685178
15,10,0.7402849028325766
15,10,0.7008429720065402
20,10,0.7922698583467029
20,10,0.6334243214313646
20,10,0.7325615154445441
20,10,0.6401348599547633
20,10,0.7005919025783861
20,10,0.6694733380220692
20,10,0.8378088643319358
20,10,0.6828242778315237
20,10,0.7776371095598653
20,10,0.7700243725048276
20,10,0.677503885075034
20,10,0.6676308505340733
20,10,0.582516883032259
20,10,0.6967288180782297
20,10,0.6821259393014545
20,10,0.8659997494748928
20,10,0.7818143654433788
20,10,0.7408880819653882
20,10,0.9255944538796235
20,10,0.7869121678977062
20,10,0.8331852172890486
20,10,0.6397809730973952
20,10,0.6750738012021688
20,10,0.7557470295970369
20,10,0.7787836132879912
20,10,0.5861139489133113
20,10,0.9640255105083382
20,10,0.7528384613121117
20,10,0.7119843211658361
20,10,0.7652092570279923
20,10,0.8264607207978658
20,10,0.8515638894629755
20,10,0.6419201164249395
20,10,0.6939727955585865
20,10,0.6835389031371558
20,10,0.8621638702689747
20,10,0.48443272981333546
20,10,0.5408936434406445
20,10,0.7194607259212041
20,10,0.6910225097148351
20,10,0.667072395686707
20,10,0.7244385497801317
20,10,0.5982277874352301
20,10,0.798127023678593
20,10,0.7900865689235494
20,10,0.6169622646830204
20,10,0.7958112496502022
20,10,0.8181798754387593
20,10,0.6215199918722266
20,10,0.6457952379613818
20,10,0.7039572942991014
20,10,0.7389716597038855
20,10,0.7974985872670856
20,10,0.6252297119407919
20,10,0.7078407394025041
20,10,0.7934666943991459
20,10,0.8545890609299094
20,10,0.7357449106518988
20,10,0.763746315354049
20,10,0.9733521643473287
20,10,0.8152445753177103
20,10,0.7141177163846281
20,10,0.7924567677802151
20,10,0.7116537203346703
20,10,0.6790252498570689
20,10,0.7791701155435854
20,10,0.8095929090652891
20,10,0.5781071986728163
20,10,0.6025880827990417
20,10,0.7584363078551313
20,10,0.8393886168343828
20,10,0.6337435433580361
20,10,0.5483851932721991
0,15,1.0
0,15,1.0
0,15,1.0
0,15,1.0
0,15,1.0
0,15,1.0
0,15,1.0
0,15,1.0
0,15,1.0
0,15,1.0
0,15,1.0
0,15,1.0
0,15,1.0
0,15,1.0
0,15,1.0
0,15,1.0
0,15,1.0
0,15,1.0
0,15,1.0
0,15,1.0
0,15,1.0
0,15,1.0
0,15,1.0
0,15,1.0
0,15,1.0
0,15,1.0
0,15,1.0
0,15,1.0
0,15,1.0
0,15,1.0
0,15,1.0
0,15,1.0
0,15,1.0
0,15,1.0
0,15,1.0
0,15,1.0
0,15,1.0
0,15,1.0
0,15,1.0
0,15,1.0
0,15,1.0
0,15,1.0
0,15,1.0
0,15,1.0
0,15,1.0
0,15,1.0
0,15,1.0
0,15,1.0
0,15,1.0
0,15,1.0
0,15,1.0
0,15,1.0
0,15,1.0
0,15,1.0
0,15,1.0
0,15,1.0
0,15,1.0
0,15,1.0
0,15,1.0
0,15,1.0
0,15,1.0
0,15,1.0
0,15,1.0
0,15,1.0
0,15,1.0
0,15,1.0
0,15,1.0
0,15,1.0
0,15,1.0
0,15,1.0
0,15,1.0
0,15,1.0
0,15,1.0
0,15,1.0
0,15,1.0
0,15,1.0
0,15,1.0
0,15,1.0
0,15,1.0
0,15,1.0
0,15,1.0
0,15,1.0
0,15,1.0
0,15,1.0
0,15,1.0
0,15,1.0
0,15,1.0
0,15,1.0
0,15,1.0
0,15,1.0
0,15,1.0
0,15,1.0
0,15,1.0
0,15,1.0
0,15,1.0
0,15,1.0
0,15,1.0
0,15,1.0
0,15,1.0
0,15,1.0
5,15,0.9809545134294843
5,15,0.9757919735677199
5,15,0.9911853298626764
5,15,0.9283294787445137
5,15,0.9860363637733486
5,15,0.9806647553294224
5,15,0.9039891387918282
5,15,0.9812375231880981
5,15,0.9948550327312303
5,15,0.9852642813335011
5,15,0.9917959388447611
5,15,0.8612899847980735
5,15,0.9697019071808662
5,15,0.9971418195585612
5,15,0.9952610753909751
5,15,0.8507857662085416
5,15,0.9792795334617572
5,15,0.973492428264383
5,15,0.9589252957390081
5,15,0.8219804704302511
5,15,0.9194213583328368
5,15,0.9920919133799424
5,15,0.9827295657368845
5,15,0.9611381835166893
5,15,0.9409300643253382
5,15,0.9757614106192831
5,15,0.9620760451528813
5,15,0.9850433088829423
5,15,0.9904129888149362
5,15,0.9346479106141504
5,15,0.9944792298559717
5,15,0.9514849890403527
5,15,0.9853433773662232
5,15,0.9721376719948582
5,15,0.9898682983246219
5,15,0.990174961073701
5,15,0.8672130044940812
5,15,0.9886160562282537
5,15,0.9928985283230753
5,15,0.9906747253550777
5,15,0.9898225351888162
5,15,0.9809439459243573
5,15,0.9379324122354916
5,15,0.988718336120237
5,15,0.9716112052462461
5,15,0.9603772948003069
5,15,0.972768967003294
5,15,0.9642097029539178
5,15,0.994208046392938
5,15,0.8770119163467831
5,15,0.9947441711826962
5,15,0.9723698647791899
5,15,0.9583148004321174
5,15,0.8968490541801151
5,15,0.9878902173543488
5,15,0.9814686949853283
5,15,0.9325876807261599
5,15,0.9530077495094217
5,15,0.9973498753696478
5,15,0.990785708359364
5,15,0.9942854960878562
5,15,0.9485266787414548
5,15,0.9963533868080586
5,15,0.9886213452104288
5,15,0.9252484654214341
5,15,0.9924844619173012
5,15,0.9753619393889995
5,15,0.9491207189910924
5,15,0.9887737733518202
5,15,0.9840215307534793
5,15,0.984672347179957
5,15,0.9990758012271818
5,15,0.9177410384744603
5,15,0.962922861915768
5,15,0.9557897722480575
5,15,0.9911381022215268
5,15,0.9591264789125721
5,15,0.9899179945121344
5,15,0.9526704303684888
5,15,0.9973871491267541
5,15,0.961100798123692
5,15,0.9875786030957123
5,15,0.9898048692946767
5,15,0.8580940615623462
5,15,0.9822751877216559
5,15,0.9874802910601502
5,15,0.9990418158391758
5,15,0.9660091049721465
5,15,0.9337011861752982
5,15,0.9903354214897636
5,15,0.921800496698485
5,15,0.8890011560342134
5,15,0.9880456889974388
5,15,0.9754906103153084
5,15,0.9563730397304665
5,15,0.9973832936343369
5,15,0.9875246305206675
5,15,0.9871760883638844
5,15,0.9844876517016746
5,15,0.9932527353881376
10,15,0.9640840653831634
10,15,0.9062136906422077
10,15,0.8920433497363808
10,15,0.9710215175069916
10,15,0.9568197087875209
10,15,0.8918111251997208
10,15,0.851147134728739
10,15,0.7623449099982128
10,15,0.9888604372548964
10,15,0.9087853831060341
10,15,0.9418581097051874
10,15,0.7163256127521048
10,15,0.9633788395987325
10,15,0.8055467997024863
10,15,0.9911471398507351
10,15,0.8607504328018668
10,15,0.8782541681936146
10,15,0.9652313046157365
10,15,0.8641491979748349
10,15,0.9323120679676067
10,15,0.6524303470287263
10,15,0.9753288939680964
10,15,0.8950658602627932
10,15,0.7060792515622657
10,15,0.9615528147874652
10,15,0.9262652285519312
10,15,0.9692638340415866
10,15,0.934774640059656
10,15,0.906916153544072
10,15,0.8532854200597383
10,15,0.8826484857188527
10,15,0.8435645426480078
10,15,0.9137337573381388
10,15,0.9120263676910816
10,15,0.9868687708736402
10,15,0.9914756947237157
10,15,0.9576619987194881
10,15,0.9545713102529382
10,15,0.9772902304712373
10,15,0.82997518245205
10,15,0.9568140072543234
10,15,0.9104769098036661
10,15,0.9344985987166631
10,15,0.9714186233215109
10,15,0.9425485460927865
10,15,0.9751941267543782
10,15,0.8438346473887954
10,15,0.9178773299802845
10,15,0.9366960046413068
10,15,0.6732802439990179
10,15,0.9871291474512164
10,15,0.9556242047045663
10,15,0.8004327975912284
10,15,0.9600247074967316
10,15,0.9702326369681366
10,15,0.9037459952050217
10,15,0.8784586477606517
10,15,0.9768655444432695
10,15,0.9052398001688248
10,15,0.9978220578436652
10,15,0.8978918437667247
10,15,0.7889159595849916
10,15,0.9166672714238564
10,15,0.7718381507401727
10,15,0.8537590511706031
10,15,0.9033379281641628
10,15,0.9271035009250733
10,15,0.9485191819297178
10,15,0.8937886480712784
10,15,0.8724149301076479
10,15,0.9464252372329582
10,15,0.988400742007322
10,15,0.8369678073387011
10,15,0.9972294300608255
10,15,0.957012604358539
10,15,0.7854122648391807
10,15,0.9055457726830229
10,15,0.899473355689627
10,15,0.9552788645204052
10,15,0.9624999062653906
10,15,0.9456227624063701
10,15,0.9882907230657546
10,15,0.9067780660443467
10,15,0.8929016030084256
10,15,0.972525263917666
10,15,0.9610285957104834
10,15,0.8338255416973797
10,15,0.8445638215726873
10,15,0.9142781298301069
10,15,0.8229831001140213
10,15,0.9445173361286895
10,15,0.7893027381281494
10,15,0.9664851469482444
10,15,0.7726938196372328
10,15,0.8294775609403903
10,15,0.8445752706874566
10,15,0.8433944359723899
10,15,0.7008501673826518
10,15,0.9568345111754988
10,15,0.9877731152048465
15,15,0.923949133870197
15,15,0.7319516050161291
15,15,0.8781614573289588
15,15,0.8738079124732133
15,15,0.7636053918712136
15,15,0.7139005241197404
15,15,0.7780137618462298
15,15,0.7059843362377843
15,15,0.8354159271126398
15,15,0.7210470421470794
15,15,0.5929261101449941
15,15,0.5942471933903236
15,15,0.8774978736604471
15,15,0.7315417867282087
15,15,0.7949883446935635
15,15,0.733318644494483
15,15,0.8646919172953922
15,15,0.9158234647700751
15,15,0.7799478536927459
15,15,0.7000478758820844
15,15,0.9288243935520847
15,15,0.9620780016984629
15,15,0.9356936967333727
15,15,0.7176217081370798
15,15,0.8540903388378731
15,15,0.8591882854385816
15,15,0.8138902968027055
15,15,0.9472185892517697
15,15,0.833765140330543
15,15,0.9223895314425049
15,15,0.9053649138509785
15,15,0.755335159321461
15,15,0.6425338012842522
15,15,0.7450665224685528
15,15,0.8879831595767836
15,15,0.6774271828245667
15,15,0.7121204806687085
15,15,0.7909876510109816
15,15,0.9895197095254338
15,15,0.8484417904788075
15,15,0.9033445313158402
15,15,0.7214357616101723
15,15,0.9149232383341956
15,15,0.9030555982888806
15,15,0.7693300352163733
15,15,0.6869771882570737
15,15,0.7944443806094307
15,15,0.8334717951132933
15,15,0.6036988789599892
15,15,0.547634812711029
15,15,0.9572271116859633
15,15,0.839993729873762
15,15,0.677819962247332
15,15,0.7296753731841191
15,15,0.8205262736689699
15,15,0.9392187633713841
15,15,0.6902183241593772
15,15,0.9484561177628454
15,15,0.8082479001624284
15,15,0.7939965624779709
15,15,0.7706687982105456
15,15,0.8153462912045796
15,15,0.8636254884185224
15,15,0.8074000629103041
15,15,0.7301225949152413
15,15,0.8504284420169314
15,15,0.8863837560597772
15,15,0.6834885366063639
15,15,0.7400605613421587
15,15,0.8423133682470856
15,15,0.8197218714976907
15,15,0.8470406880805849
15,15,0.935065095270465
15,15,0.9290662378421178
15,15,0.8973747253600054
15,15,0.7858658960254289
15,15,0.7085963204717362
15,15,0.9566014287243249
15,15,0.8850500500445783
15,15,0.8155654293028805
15,15,0.8037496087793897
15,15,0.9625433372922406
15,15,0.8750693366970413
15,15,0.7812855905923874
15,15,0.8727007399290964
15,15,0.660535961838032
15,15,0.7932523390368396
15,15,0.7650580410256076
15,15,0.6380750204124409
15,15,0.869487065830674
15,15,0.897318378969584
15,15,0.8564647835406419
15,15,0.7087555643304465
15,15,0.6872228609184213
15,15,0.6643456958148093
15,15,0.8822856681095522
15,15,0.8386198381837716
15,15,0.500230588583403
15,15,0.775899594155046
15,15,0.7682888068471513
20,15,0.8176219495449
20,15,0.6188883008622611
20,15,0.7721999464419682
20,15,0.5845182687778075
20,15,0.7423812158172588
20,15,0.6979654331983359
20,15,0.8480168193876424
20,15,0.6463349489985751
20,15,0.7773838810888719
20,15,0.7788734120787648
20,15,0.5743964567871804
20,15,0.628747482667142
20,15,0.5124893163530625
20,15,0.7251398929369105
20,15,0.6556214075077932
20,15,0.8878152320826391
20,15,0.7688010596840832
20,15,0.781961518553507
20,15,0.8783792498995848
20,15,0.7348870229671944
20,15,0.7868875874170291
20,15,0.6808789360206247
20,15,0.691583887239271
20,15,0.7784104623657114
20,15,0.7460547674280577
20,15,0.6422180948980198
20,15,0.9259681013090713
20,15,0.7413268297052791
20,15,0.7333850528991611
20,15,0.8186070805328272
20,15,0.8628613043274467
20,15,0.8858662784513914
20,15,0.6207651882254054
20,15,0.7595596829251738
20,15,0.7292109524470579
20,15,0.8899190221803589
20,15,0.5961918738405052
20,15,0.5209930194901354
20,15,0.6362344523134736
20,15,0.676967958931272
20,15,0.7085486953945326
20,15,0.7754566093260074
20,15,0.6025567728443043
20,15,0.7838571641186876
20,15,0.8379433862208123
20,15,0.6672152356451008
20,15,0.8293813570969689
20,15,0.7099033181257943
20,15,0.6163107914272193
20,15,0.6117887606936979
20,15,0.6981295001096833
20,15,0.7551095829779173
20,15,0.7989526624240169
20,15,0.7059641716303713
20,15,0.6237912673781542
20,15,0.7873304801323259
20,15,0.8628457234275363
20,15,0.7955000861269422
20,15,0.6924396943570457
20,15,0.9538143816503183
20,15,0.8250872133894112
20,15,0.714226813991483
20,15,0.713952472973598
20,15,0.7201412351216433
20,15,0.6632787761115352
20,15,0.8209955530414156
20,15,0.8335883324849687
20,15,0.6096176196861558
20,15,0.6611621704403422
20,15,0.7775536672836765
20,15,0.8490783204187909
20,15,0.6800049840174861
20,15,0.48834753168062744
0,20,1.0
0,20,1.0
0,20,1.0
0,20,1.0
0,20,1.0
0,20,1.0
0,20,1.0
0,20,1.0
0,20,1.0
0,20,1.0
0,20,1.0
0,20,1.0
0,20,1.0
0,20,1.0
0,20,1.0
0,20,1.0
0,20,1.0
0,20,1.0
0,20,1.0
0,20,1.0
0,20,1.0
0,20,1.0
0,20,1.0
0,20,1.0
0,20,1.0
0,20,1.0
0,20,1.0
0,20,1.0
0,20,1.0
0,20,1.0
0,20,1.0
0,20,1.0
0,20,1.0
0,20,1.0
0,20,1.0
0,20,1.0
0,20,1.0
0,20,1.0
0,20,1.0
0,20,1.0
0,20,1.0
0,20,1.0
0,20,1.0
0,20,1.0
0,20,1.0
0,20,1.0
0,20,1.0
0,20,1.0
0,20,1.0
0,20,1.0
0,20,1.0
0,20,1.0
0,20,1.0
0,20,1.0
0,20,1.0
0,20,1.0
0,20,1.0
0,20,1.0
0,20,1.0
0,20,1.0
0,20,1.0
0,20,1.0
0,20,1.0
0,20,1.0
0,20,1.0
0,20,1.0
0,20,1.0
0,20,1.0
0,20,1.0
0,20,1.0
0,20,1.0
0,20,1.0
0,20,1.0
0,20,1.0
0,20,1.0
0,20,1.0
0,20,1.0
0,20,1.0
0,20,1.0
0,20,1.0
0,20,1.0
0,20,1.0
0,20,1.0
0,20,1.0
0,20,1.0
0,20,1.0
0,20,1.0
0,20,1.0
0,20,1.0
0,20,1.0
0,20,1.0
0,20,1.0
0,20,1.0
0,20,1.0
0,20,1.0
0,20,1.0
0,20,1.0
0,20,1.0
0,20,1.0
0,20,1.0
5,20,0.9792974144192627
5,20,0.9615474788496052
5,20,0.9951506433805918
5,20,0.9429552436890585
5,20,0.9736827821867828
5,20,0.9836570326812267
5,20,0.9196883223740618
5,20,0.9691715429906865
5,20,0.9974290061959588
5,20,0.9665240519874528
5,20,0.9956614088409533
5,20,0.8731811070557427
5,20,0.9771800753113988
5,20,0.9976091739692671
5,20,0.9960420785755707
5,20,0.8705327770968797
5,20,0.982667633557934
5,20,0.980388931400448
5,20,0.965466746498083
5,20,0.8535856619006662
5,20,0.9351211334466583
5,20,0.995908987199858
5,20,0.9855535349694245
5,20,0.9517462237639335
5,20,0.9305192279658993
5,20,0.9580065829595993
5,20,0.9701987787520935
5,20,0.9874889471854709
5,20,0.9942821555152112
5,20,0.9407804606001857
5,20,0.9961799053640773
5,20,0.9596977290761793
5,20,0.990263935775877
5,20,0.973995225592236
5,20,0.9915249801062519
5,20,0.9943572718370273
5,20,0.8891060266772451
5,20,0.9931121002659019
5,20,0.9940597230687235
5,20,0.994234101158703
5,20,0.9642278784671003
5,20,0.9877867936300642
5,20,0.9506893502119089
5,20,0.9922897509517891
5,20,0.9760114110856305
5,20,0.9666868694167752
5,20,0.9427847864727243
5,20,0.9706997840812324
5,20,0.9953480797934736
5,20,0.8849644303648252
5,20,0.995603576258761
5,20,0.9680197567234959
5,20,0.9611649376092095
5,20,0.9143083781979335
5,20,0.9895253966564997
5,20,0.9442551696233024
5,20,0.9461345690753528
5,20,0.960676887786813
5,20,0.9881279374407346
5,20,0.9948163658525855
5,20,0.9969465986353239
5,20,0.9589758808429732
5,20,0.9969496615339938
5,20,0.9930400816786936
5,20,0.9391492048157474
5,20,0.9937133625916086
5,20,0.9819450534461781
5,20,0.941236063735932
5,20,0.9931334117190959
5,20,0.9655189129669265
5,20,0.9871786431602092
5,20,0.9996446228622852
5,20,0.9309377724541226
5,20,0.9573559309381596
5,20,0.9647832294430302
5,20,0.9182524637072914
5,20,0.9405520536468542
5,20,0.9915665502384279
5,20,0.9573414730894595
5,20,0.9976450698979054
5,20,0.9647384887022655
5,20,0.9921128761461467
5,20,0.9939959083566852
5,20,0.8795879737746528
5,20,0.9876974401260207
5,20,0.9899411880394651
5,20,0.999198492999
5,20,0.9563240061326659
5,20,0.9234471223155483
5,20,0.9942804566380391
5,20,0.9358979925975369
5,20,0.9111283787885884
5,20,0.9925243798323099
5,20,0.9840700479155421
5,20,0.9453736221624236
5,20,0.9962835366506555
5,20,0.9782008695473087
5,20,0.9775940356517161
5,20,0.987619647811445
5,20,0.99435601208503
10,20,0.9656046941883876
10,20,0.8713756150735041
10,20,0.9123227698067721
10,20,0.9785880743635778
10,20,0.9491346950557221
10,20,0.8968387282295435
10,20,0.878010746483617
10,20,0.7845741146510407
10,20,0.9885224275659603
10,20,0.9117343881163518
10,20,0.9360805911812886
10,20,0.728364561750974
10,20,0.9594187693441323
10,20,0.7847806519526369
10,20,0.9926008318174017
10,20,0.8620951502127019
10,20,0.8596291504657073
10,20,0.9275562279632042
10,20,0.8869422252254076
10,20,0.9459040230440393
10,20,0.7092630815854792
10,20,0.9818869672523178
10,20,0.9059592385050342
10,20,0.7363316453499908
10,20,0.9192624663991373
10,20,0.9020820342009332
10,20,0.9531721895259877
10,20,0.9348849712373586
10,20,0.9244914679790723
10,20,0.8519884439629157
10,20,0.9031818480485877
10,20,0.8354793967208058
10,20,0.9293323358590075
10,20,0.9123186890118922
10,20,0.9890220389003351
10,20,0.9928695436253856
10,20,0.9645848827166064
10,20,0.9432256403755588
10,20,0.9810097303006146
10,20,0.8499572338292768
10,20,0.9270038965429044
10,20,0.9267250998598927
10,20,0.92931375107254
10,20,0.9717467587987727
10,20,0.9136639574723698
10,20,0.9730092599628453
10,20,0.8647521263546505
10,20,0.9254723108749885
10,20,0.9009645413780626
10,20,0.7049855222605127
10,20,0.9901690691199114
10,20,0.949783699570246
10,20,0.7995751203512054
10,20,0.9337185383127325
10,20,0.9751057320846167
10,20,0.8955727080769225
10,20,0.8849657772874874
10,20,0.9513122755082349
10,20,0.9212582618979586
10,20,0.9978596447686717
10,20,0.9171120101920761
10,20,0.8051518473992569
10,20,0.9322114822039292
10,20,0.811669944257917
10,20,0.843216861850001
10,20,0.8955277284577142
10,20,0.9106632767693855
10,20,0.9066590186304216
10,20,0.9007893914415569
10,20,0.8945369357010764
10,20,0.916266234537857
10,20,0.9928213764690552
10,20,0.8498364032635027
10,20,0.9444317771184657
10,20,0.9416249558024293
10,20,0.7716548767161845
10,20,0.884780891472471
10,20,0.9178963583970973
10,20,0.9625914259021622
10,20,0.9227932474145135
10,20,0.9142505789907214
10,20,0.9926513623069458
10,20,0.9220212191276991
10,20,0.9079792280332286
10,20,0.9795974213889654
10,20,0.9671422099695187
10,20,0.8387402717990493
10,20,0.8725039015574682
10,20,0.8801941322442042
10,20,0.8522350179673678
10,20,0.9537667332177534
10,20,0.8223294769604044
10,20,0.9723830184236654
10,20,0.8057872108360079
10,20,0.8249440315034017
10,20,0.8725134785740979
10,20,0.8583164461004961
10,20,0.7423819158449371
10,20,0.9235283020304401
10,20,0.9895185777824995
15,20,0.8879504271992917
15,20,0.771028347177755
15,20,0.8959322880864063
15,20,0.8654518893636679
15,20,0.7932817001081189
15,20,0.7606881029315281
15,20,0.7533440140446989
15,20,0.7417496572657086
15,20,0.8439345377919855
15,20,0.7236066841757731
15,20,0.5510882219071292
15,20,0.6605937266868055
15,20,0.8882690736514871
15,20,0.7064165379195299
15,20,0.828516451144563
15,20,0.7550059927794098
15,20,0.8604021841501677
15,20,0.903987032599115
15,20,0.7657254039044301
15,20,0.7469176026792852
15,20,0.8478984158275694
15,20,0.9203885415935041
15,20,0.9316293657139243
15,20,0.7261294805167946
15,20,0.7799128712971249
15,20,0.789086453816613
15,20,0.8312634020071863
15,20,0.957506497875162
15,20,0.7995829733256806
15,20,0.9376039667315798
15,20,0.8738792814180576
15,20,0.6602325618633929
15,20,0.671836124386014
15,20,0.7683585855698866
15,20,0.89245409364439
15,20,0.70249971654382
15,20,0.7261523821432831
15,20,0.8108104315204387
15,20,0.9937573763909145
15,20,0.8752372518407711
15,20,0.8886820213615965
15,20,0.7385079495770788
15,20,0.8767000991496462
15,20,0.8864042814617705
15,20,0.7929256164136568
15,20,0.7033682089023794
15,20,0.770604621196526
15,20,0.825833772036247
15,20,0.6224173283695644
15,20,0.4943854231936409
15,20,0.9458278076114813
15,20,0.7742232997494833
15,20,0.7005139833294467
15,20,0.7306169448950397
15,20,0.8437831551461177
15,20,0.9325805679977826
15,20,0.7191539779573279
15,20,0.9376885227764081
15,20,0.8166132011133864
15,20,0.8282605742565837
15,20,0.809481798758603
15,20,0.8229718408173793
15,20,0.8732231817781393
15,20,0.8296093498336613
15,20,0.75199427737693
15,20,0.8736173549631063
15,20,0.8861727007262001
15,20,0.7197710108382976
15,20,0.7787552723124014
15,20,0.8181184003117073
15,20,0.7905856466964024
15,20,0.8398664961762144
15,20,0.9456829043122306
15,20,0.8916061605080474
15,20,0.915642246966862
15,20,0.783484093728765
15,20,0.7447275961964237
15,20,0.9662217171703746
15,20,0.8813804005105897
15,20,0.790735864412686
15,20,0.8355094924480413
15,20,0.9713026531713627
15,20,0.8844838835701379
15,20,0.8195725891696886
15,20,0.8541508959515294
15,20,0.6506262201655202
15,20,0.7856769975014816
15,20,0.7691279663008838
15,20,0.675536868932595
15,20,0.8553496440290147
15,20,0.8845132653228437
15,20,0.8784217605522916
15,20,0.7119294743637222
15,20,0.7097927359024875
15,20,0.6567058278149679
15,20,0.8855276055941136
15,20,0.8432737367265479
15,20,0.5816311779749481
15,20,0.7910145540878588
15,20,0.8099930468514438
20,20,0.7947277035171603
20,20,0.6134869365848263
20,20,0.7986137994189896
20,20,0.5616325840926086
20,20,0.7661123659298198
20,20,0.6819445713648604
20,20,0.8223070956011487
20,20,0.5961045282610715
20,20,0.8137848806754968
20,20,0.8169098443337282
20,20,0.5358500180036685
20,20,0.6292068616262193
20,20,0.5694329600024156
20,20,0.7483653581966145
20,20,0.6362366617360309
20,20,0.8807025063228029
20,20,0.7636267027514935
20,20,0.8014189964408969
20,20,0.7817237929222176
20,20,0.74833626350493
20,20,0.8033412931911944
20,20,0.7328000982707951
20,20,0.7446490461885787
20,20,0.7368112367597227
20,20,0.7902131387784554
20,20,0.6711796865644821
20,20,0.825650349983651
20,20,0.7360422717004514
20,20,0.7702619147013355
20,20,0.773261726869801
20,20,0.8849483400884854
20,20,0.8317864971362802
20,20,0.575303584761654
20,20,0.7342390393371264
20,20,0.7341988880448664
20,20,0.8337047421782563
20,20,0.6616360290940082
20,20,0.4946449776437466
20,20,0.6079533474722992
20,20,0.6921071185737687
20,20,0.7269973037244801
20,20,0.805257303383944
20,20,0.6458263756338676
20,20,0.7969424566238479
20,20,0.846366624299098
20,20,0.7234356627165813
20,20,0.8504762141883949
20,20,0.6528012515907615
20,20,0.6597449982577208
20,20,0.6413997540358775
20,20,0.7180943506241924
20,20,0.7513676659966911
20,20,0.8096409554990157
20,20,0.7379975493465598
20,20,0.6212965611133312
20,20,0.7442403198704411
20,20,0.8640266185158814
20,20,0.8036685583780078
20,20,0.6791839649388692
20,20,0.8637826600289222
20,20,0.8261684341072061
20,20,0.7357398925278296
20,20,0.6437686125674179
20,20,0.7400302243298461
20,20,0.6859310461394598
20,20,0.8369741585169242
20,20,0.8569706806701909
20,20,0.6350303701645731
20,20,0.5905130186326562
20,20,0.8164508900418773
20,20,0.8493175622199826
20,20,0.6787629752581862
20,20,0.5189857565881097
0,50,1.0
0,50,1.0
0,50,1.0
0,50,1.0
0,50,1.0
0,50,1.0
0,50,1.0
0,50,1.0
0,50,1.0
0,50,1.0
0,50,1.0
0,50,1.0
0,50,1.0
0,50,1.0
0,50,1.0
0,50,1.0
0,50,1.0
0,50,1.0
0,50,1.0
0,50,1.0
0,50,1.0
0,50,1.0
0,50,1.0
0,50,1.0
0,50,1.0
0,50,1.0
0,50,1.0
0,50,1.0
0,50,1.0
0,50,1.0
0,50,1.0
0,50,1.0
0,50,1.0
0,50,1.0
0,50,1.0
0,50,1.0
0,50,1.0
0,50,1.0
0,50,1.0
0,50,1.0
0,50,1.0
0,50,1.0
0,50,1.0
0,50,1.0
0,50,1.0
0,50,1.0
0,50,1.0
0,50,1.0
0,50,1.0
0,50,1.0
0,50,1.0
0,50,1.0
0,50,1.0
0,50,1.0
0,50,1.0
0,50,1.0
0,50,1.0
0,50,1.0
0,50,1.0
0,50,1.0
0,50,1.0
0,50,1.0
0,50,1.0
0,50,1.0
0,50,1.0
0,50,1.0
0,50,1.0
0,50,1.0
0,50,1.0
0,50,1.0
0,50,1.0
0,50,1.0
0,50,1.0
0,50,1.0
0,50,1.0
0,50,1.0
0,50,1.0
0,50,1.0
0,50,1.0
0,50,1.0
0,50,1.0
0,50,1.0
0,50,1.0
0,50,1.0
0,50,1.0
0,50,1.0
0,50,1.0
0,50,1.0
0,50,1.0
0,50,1.0
0,50,1.0
0,50,1.0
0,50,1.0
0,50,1.0
0,50,1.0
0,50,1.0
0,50,1.0
0,50,1.0
0,50,1.0
0,50,1.0
5,50,0.9844358757468781
5,50,0.9825737565659032
5,50,0.985243783548896
5,50,0.9655860326924443
5,50,0.9909172142112521
5,50,0.9677758890598821
5,50,0.9651872417645714
5,50,0.9599053946491795
5,50,0.9352548235657021
5,50,0.985824042789051
5,50,0.9627707339302881
5,50,0.9212208851368516
5,50,0.9553363618168534
5,50,0.9781091948489921
5,50,0.9897362017330801
5,50,0.9039819014952125
5,50,0.9747981001542245
5,50,0.9885842779182398
5,50,0.9592911338973578
5,50,0.871740268997583
5,50,0.9323414784546928
5,50,0.9977389864703222
5,50,0.9814774974562931
5,50,0.9819022666744749
5,50,0.9540808948854409
5,50,0.9901922761552363
5,50,0.9788903073407687
5,50,0.9931244397270013
5,50,0.9819435910095893
5,50,0.9650690981634095
5,50,0.9666662276449395
5,50,0.959033372000498
5,50,0.9836999750496446
5,50,0.9843505177185901
5,50,0.9884536269886126
5,50,0.9693125551423356
5,50,0.9289615243197612
5,50,0.9932244224392159
5,50,0.9944938585983495
5,50,0.9911620548328207
5,50,0.9640363374240238
5,50,0.9832697505829464
5,50,0.9540365601491541
5,50,0.9658004706018308
5,50,0.9686233441604248
5,50,0.967324849757355
5,50,0.9466973372441145
5,50,0.9873259026401753
5,50,0.970964360361643
5,50,0.917639175302581
5,50,0.9917482372197762
5,50,0.9809411927099564
5,50,0.934209892512471
5,50,0.9355798937711318
5,50,0.9922987931631071
5,50,0.9672334402907243
5,50,0.9509480381980018
5,50,0.9724035856134237
5,50,0.9936077488668565
5,50,0.9964808426998504
5,50,0.9871524173790454
5,50,0.9393994664867242
5,50,0.9946644333301282
5,50,0.9828719009731813
5,50,0.9521929960901996
5,50,0.9865101909791897
5,50,0.9884520517850078
5,50,0.9771639612826988
5,50,0.9857594916740549
5,50,0.9893889492748335
5,50,0.9910812480955287
5,50,0.9783321097795759
5,50,0.945455271303062
5,50,0.979082003981753
5,50,0.9740933812572112
5,50,0.95476182266604
5,50,0.9495801147474837
5,50,0.9588732152495965
5,50,0.9556074766457476
5,50,0.9888845084734333
5,50,0.9803375748283393
5,50,0.9928830843374382
5,50,0.9752013849675086
5,50,0.9213493302095491
5,50,0.9762893866222884
5,50,0.9945502261091963
5,50,0.9868122076278109
5,50,0.9755999267070441
5,50,0.9337882925776814
5,50,0.9874386309900022
5,50,0.9375604928840833
5,50,0.9660904583283497
5,50,0.9859381147029875
5,50,0.9907886332329684
5,50,0.9758861492771636
5,50,0.9829319819390139
5,50,0.9698534974988503
5,50,0.9833206529867946
5,50,0.9956534923466039
5,50,0.9841991645293808
10,50,0.9589521018166575
10,50,0.9074367984138609
10,50,0.9455424117081507
10,50,0.9394025942909741
10,50,0.9149010512427239
10,50,0.9233937918500165
10,50,0.9344876513912522
10,50,0.8488184264861691
10,50,0.9197559032412579
10,50,0.922995955789076
10,50,0.9372349939433229
10,50,0.8161506286486201
10,50,0.9128659504219715
10,50,0.8195811791273899
10,50,0.9128888183687539
10,50,0.8656741502180986
10,50,0.8674791375537036
10,50,0.8994821028571628
10,50,0.8507842020364043
10,50,0.9526652385049921
10,50,0.790209653961775
10,50,0.9832834513638511
10,50,0.9391699327285226
10,50,0.8580152500878734
10,50,0.9328544837364314
10,50,0.9134534141556887
10,50,0.9644792712269921
10,50,0.9591042338131279
10,50,0.8705573978482924
10,50,0.9026302185232759
10,50,0.9496199716334004
10,50,0.8526860387693017
10,50,0.9656010547393388
10,50,0.9265214481237651
10,50,0.9464018777490959
10,50,0.917111475169307
10,50,0.933148746551112
10,50,0.9695689887832046
10,50,0.9817804237670775
10,50,0.9061284317882179
10,50,0.94748185877131
10,50,0.9532611918347292
10,50,0.9032863252371949
10,50,0.8930208949294505
10,50,0.8575219943801135
10,50,0.9585642046960594
10,50,0.9309062505774957
10,50,0.9475812549504211
10,50,0.9182489071220373
10,50,0.8125032048277653
10,50,0.9644098033053262
10,50,0.958675395145146
10,50,0.8874957122418403
10,50,0.9361725912317527
10,50,0.8753473008523347
10,50,0.9444574010269172
10,50,0.9176152661620418
10,50,0.9277811492524567
10,50,0.9083617267303609
10,50,0.9484076957732221
10,50,0.954289461885432
10,50,0.9090333994634885
10,50,0.9044553545472187
10,50,0.893406596877645
10,50,0.8749724840777584
10,50,0.914838536520165
10,50,0.9512136257706905
10,50,0.9448417836373858
10,50,0.9138772990127715
10,50,0.9000197878747351
10,50,0.9450353413239558
10,50,0.9824156244925574
10,50,0.8668911019907327
10,50,0.9151764408667857
10,50,0.9460416287843949
10,50,0.8569262863089979
10,50,0.931819222345313
10,50,0.9349865087348203
10,50,0.9348697081962071
10,50,0.9338219780033271
10,50,0.9315601602461812
10,50,0.9664020506725834
10,50,0.9409390948384435
10,50,0.9452213526710209
10,50,0.925630549276052
10,50,0.957750867368346
10,50,0.8924588902805175
10,50,0.8863869141817121
10,50,0.9025741995244463
10,50,0.9203408198390699
10,50,0.9168939219927694
10,50,0.841570694062291
10,50,0.9609493185004718
10,50,0.8738793472809523
10,50,0.9000229978878912
10,50,0.8930662728579839
10,50,0.8977072211928726
10,50,0.8320016501990745
10,50,0.9509285575599408
10,50,0.968366558368543
15,50,0.8371368313767438
15,50,0.7850437554254723
15,50,0.885230713070009
15,50,0.828736095281206
15,50,0.8303055333931968
15,50,0.7904416354806183
15,50,0.6782249156695738
15,50,0.7744860822069352
15,50,0.8147580503483545
15,50,0.7508636278115073
15,50,0.677133141294648
15,50,0.7380367661049739
15,50,0.8419928028971793
15,50,0.6978477634965372
15,50,0.8669121348392689
15,50,0.7213461066033618
15,50,0.8348627693320706
15,50,0.8078871821854847
15,50,0.7607910740488966
15,50,0.7737798754976773
15,50,0.7644501136171404
15,50,0.8601917985920555
15,50,0.8915840280189178
15,50,0.7146943416613151
15,50,0.7255466348673586
15,50,0.7667196972844477
15,50,0.9061785273825951
15,50,0.9366943282956577
15,50,0.7495624886628657
15,50,0.9585659499101165
15,50,0.9221739936017321
15,50,0.6377883607774729
15,50,0.8245953182233581
15,50,0.8012936765290741
15,50,0.7711121420344551
15,50,0.7388405500948559
15,50,0.7454410863890487
15,50,0.8194687577776314
15,50,0.9270820333673947
15,50,0.8774935902256888
15,50,0.9068621838732863
15,50,0.8343547339283699
15,50,0.8178411083132412
15,50,0.7918534854506213
15,50,0.8020080097547769
15,50,0.7841940483109395
15,50,0.8788731550232599
15,50,0.7910710238603457
15,50,0.7238762578068908
15,50,0.6365388252208746
15,50,0.9421935651837124
15,50,0.6827896433642757
15,50,0.6076108084977426
15,50,0.7378515852076017
15,50,0.8743162298121087
15,50,0.958098209779493
15,50,0.7581411486437676
15,50,0.9190266843541912
15,50,0.8635177788261857
15,50,0.8095188200967581
15,50,0.8669067618777766
15,50,0.8718626721904574
15,50,0.8035712844142753
15,50,0.8671845856629131
15,50,0.8489088332512773
15,50,0.9198958779456251
15,50,0.8868771414553689
15,50,0.8004062309935629
15,50,0.8663575088067329
15,50,0.8344255946970385
15,50,0.8363775911793302
15,50,0.8678623274421806
15,50,0.8872737321790113
15,50,0.8624693313247516
15,50,0.8820924668501218
15,50,0.8037728557423544
15,50,0.7202089686359375
15,50,0.8873132665218749
15,50,0.9066568119298114
15,50,0.7240374646965518
15,50,0.817742425596934
15,50,0.9551358685868144
15,50,0.8361407303595002
15,50,0.8233161270670935
15,50,0.8758175051270206
15,50,0.6788085794591056
15,50,0.8158765169963662
15,50,0.8562767812992461
15,50,0.7220218845247955
15,50,0.891791122313707
15,50,0.8955732960963011
15,50,0.7540937242516196
15,50,0.7545791146859452
15,50,0.7287688565867635
15,50,0.7452318449480577
15,50,0.8799909146697992
15,50,0.8823068397413409
15,50,0.6778966214724466
15,50,0.8428366655277635
15,50,0.8721363551128201
20,50,0.6901156148455947
20,50,0.749975849468808
20,50,0.8428935797379984
20,50,0.678569694885146
20,50,0.7249000616302239
20,50,0.7713573425656516
20,50,0.7619061125467861
20,50,0.6567353476130404
20,50,0.8517751907141942
20,50,0.7468565998101272
20,50,0.6507368162686716
20,50,0.6821031019147742
20,50,0.699611887229165
20,50,0.642882371534948
20,50,0.6510407740717253
20,50,0.7354409587757283
20,50,0.7539474808196134
20,50,0.7357877938510897
20,50,0.7271412040311951
20,50,0.7579726500854077
20,50,0.8051434248812493
20,50,0.7680471166497345
20,50,0.7008602083233914
20,50,0.6668190400398458
20,50,0.7872772632115409
20,50,0.7650479697377938
20,50,0.6832105399931202
20,50,0.7654563463635715
20,50,0.7593679078341891
20,50,0.7686950265082676
20,50,0.8336840941836999
20,50,0.7378556260728562
20,50,0.5503602135059206
20,50,0.7383474279264075
20,50,0.7116579686926767
20,50,0.7895578596530317
20,50,0.6366316284115267
20,50,0.5013738816847351
20,50,0.6618446623514095
20,50,0.7297666575665642
20,50,0.6483646117754667
20,50,0.8097670206715475
20,50,0.7374835072427149
20,50,0.741750682679834
20,50,0.8307581881102892
20,50,0.8056586006432708
20,50,0.8053910357329545
20,50,0.7932605606263363
20,50,0.6788063689019642
20,50,0.7618539238261288
20,50,0.7185618985821924
20,50,0.7939405019306476
20,50,0.8852524416922866
20,50,0.758666971317798
20,50,0.5921108964969547
20,50,0.6768554180680977
20,50,0.7557578081308558
20,50,0.7863761357237868
20,50,0.7829885318400553
20,50,0.8217346775023742
20,50,0.7580943080655975
20,50,0.770036056970318
20,50,0.759338809095131
20,50,0.7489594347637024
20,50,0.6635320404684377
20,50,0.7487756567795886
20,50,0.7478876746700298
20,50,0.7139432639962383
20,50,0.6324361262164453
20,50,0.7934026155476295
20,50,0.7757919327166181
20,50,0.6320393363021904
20,50,0.6879774005560241
0,80,1.0
0,80,1.0
0,80,1.0
0,80,1.0
0,80,1.0
0,80,1.0
0,80,1.0
0,80,1.0
0,80,1.0
0,80,1.0
0,80,1.0
0,80,1.0
0,80,1.0
0,80,1.0
0,80,1.0
0,80,1.0
0,80,1.0
0,80,1.0
0,80,1.0
0,80,1.0
0,80,1.0
0,80,1.0
0,80,1.0
0,80,1.0
0,80,1.0
0,80,1.0
0,80,1.0
0,80,1.0
0,80,1.0
0,80,1.0
0,80,1.0
0,80,1.0
0,80,1.0
0,80,1.0
0,80,1.0
0,80,1.0
0,80,1.0
0,80,1.0
0,80,1.0
0,80,1.0
0,80,1.0
0,80,1.0
0,80,1.0
0,80,1.0
0,80,1.0
0,80,1.0
0,80,1.0
0,80,1.0
0,80,1.0
0,80,1.0
0,80,1.0
0,80,1.0
0,80,1.0
0,80,1.0
0,80,1.0
0,80,1.0
0,80,1.0
0,80,1.0
0,80,1.0
0,80,1.0
0,80,1.0
0,80,1.0
0,80,1.0
0,80,1.0
0,80,1.0
0,80,1.0
0,80,1.0
0,80,1.0
0,80,1.0
0,80,1.0
0,80,1.0
0,80,1.0
0,80,1.0
0,80,1.0
0,80,1.0
0,80,1.0
0,80,1.0
0,80,1.0
0,80,1.0
0,80,1.0
0,80,1.0
0,80,1.0
0,80,1.0
0,80,1.0
0,80,1.0
0,80,1.0
0,80,1.0
0,80,1.0
0,80,1.0
0,80,1.0
0,80,1.0
0,80,1.0
0,80,1.0
0,80,1.0
0,80,1.0
0,80,1.0
0,80,1.0
0,80,1.0
0,80,1.0
0,80,1.0
5,80,0.9842413742994786
5,80,0.9856102922757127
5,80,0.9567412070250206
5,80,0.9498961719765363
5,80,0.9856670862033451
5,80,0.9827595836260031
5,80,0.9706726315710659
5,80,0.9819808340920825
5,80,0.9597535415327374
5,80,0.9627822284415819
5,80,0.9598697498697094
5,80,0.9256687336014813
5,80,0.9852653824383775
5,80,0.9802917894436058
5,80,0.9864401145280103
5,80,0.9109160191940792
5,80,0.9746287111646068
5,80,0.9880712897780461
5,80,0.9587822832755563
5,80,0.9115114757474369
5,80,0.949259268889205
5,80,0.9878601271110532
5,80,0.9811056058015257
5,80,0.9793920960473821
5,80,0.9689659030037289
5,80,0.985416104261112
5,80,0.9417066773746172
5,80,0.9796747427549695
5,80,0.9660939992704645
5,80,0.9505733351008019
5,80,0.9633723544795335
5,80,0.9705709082587296
5,80,0.9816644845801833
5,80,0.9853567856556026
5,80,0.9755718764433464
5,80,0.9622566442696971
5,80,0.9300344098647617
5,80,0.970181059945115
5,80,0.976494246551321
5,80,0.9756004818680466
5,80,0.9550518289320764
5,80,0.9754428606859328
5,80,0.9505382496592215
5,80,0.9547107376890329
5,80,0.9524854810074161
5,80,0.9594486418712542
5,80,0.9647216924208156
5,80,0.9764886459189649
5,80,0.9889235476045322
5,80,0.9397574027899807
5,80,0.9795521364913152
5,80,0.973686876848455
5,80,0.94912714045227
5,80,0.9117438901261454
5,80,0.9925834050245073
5,80,0.9588890019408232
5,80,0.9485750435807698
5,80,0.9574442210714259
5,80,0.9836206519774261
5,80,0.9919055900746633
5,80,0.9758725846308706
5,80,0.9494479881523992
5,80,0.9934981067018379
5,80,0.9614419031349364
5,80,0.950882292774617
5,80,0.9789915961085967
5,80,0.993453633450845
5,80,0.9592412235602537
5,80,0.9814985462040093
5,80,0.9777620710392257
5,80,0.9766978902685539
5,80,0.9433005889597109
5,80,0.9610378230197582
5,80,0.9721805139167723
5,80,0.9507581063516916
5,80,0.9563057887713483
5,80,0.9545990906114341
5,80,0.9480223192035049
5,80,0.9617515353847653
5,80,0.983464805447691
5,80,0.9648707588101371
5,80,0.9932932633021646
5,80,0.9532273373208855
5,80,0.9197012213062099
5,80,0.9536773075153123
5,80,0.9729285498478689
5,80,0.9868273215829323
5,80,0.9841323383185266
5,80,0.9381327645462507
5,80,0.944944230912315
5,80,0.9546737189749093
5,80,0.9674024869878292
5,80,0.9721405449591596
5,80,0.9753660652143153
5,80,0.9815356745897206
5,80,0.9674881657115961
5,80,0.9515201564228386
5,80,0.962185638489476
5,80,0.9780992953044813
5,80,0.9763914351511067
10,80,0.9495718277617928
10,80,0.9358909574637145
10,80,0.8988682956383746
10,80,0.938546041572961
10,80,0.9283851949359776
10,80,0.9493119117164676
10,80,0.916288406219166
10,80,0.8879145365337526
10,80,0.9206428023067442
10,80,0.9429996259884545
10,80,0.9582268280364588
10,80,0.7985436668223654
10,80,0.9551804848626914
10,80,0.7692358154580962
10,80,0.9119567580934516
10,80,0.9021906424274557
10,80,0.9039543350183974
10,80,0.9348251293108629
10,80,0.8638851051240031
10,80,0.9492406985514477
10,80,0.7893516112808618
10,80,0.8994819334006489
10,80,0.8891286774997954
10,80,0.8644362878503438
10,80,0.9284309741197724
10,80,0.9283341747442462
10,80,0.9067404710315827
10,80,0.9481626686764066
10,80,0.8999577407226016
10,80,0.8506620626035634
10,80,0.9377143651332212
10,80,0.8672563591768858
10,80,0.9404332508236848
10,80,0.9304862821258458
10,80,0.952801369536324
10,80,0.9428789433360836
10,80,0.9233344043263886
10,80,0.939468880239054
10,80,0.9273035121115139
10,80,0.8829918006225745
10,80,0.9203924142635572
10,80,0.9515450430877924
10,80,0.9187234278030879
10,80,0.9167838735674785
10,80,0.8884615478695687
10,80,0.9553080073049551
10,80,0.932396071283589
10,80,0.9606578881180655
10,80,0.8804548021852784
10,80,0.8490816937619209
10,80,0.9758891764815003
10,80,0.9328321758487502
10,80,0.9097450273879791
10,80,0.9224394684356937
10,80,0.9379524547007907
10,80,0.9420622413170676
10,80,0.9112014264757445
10,80,0.9553936044855486
10,80,0.9047224919799098
10,80,0.964295352692193
10,80,0.9216046454050091
10,80,0.9286517436063503
10,80,0.9066645243691587
10,80,0.9150746197203748
10,80,0.872328712435222
10,80,0.8759015631036584
10,80,0.9576382364959956
10,80,0.9024729961716342
10,80,0.9472733552783528
10,80,0.9147024828886208
10,80,0.9391061523759405
10,80,0.9109165692763904
10,80,0.8861481498986301
10,80,0.94118012054515
10,80,0.9271925328943454
10,80,0.8590351995510054
10,80,0.9254428860433997
10,80,0.9301914329220626
10,80,0.9351694543057357
10,80,0.9058538714331436
10,80,0.9021864437323593
10,80,0.9849481875668037
10,80,0.9234834597848841
10,80,0.9072226154239481
10,80,0.9372483916220102
10,80,0.9682660211781027
10,80,0.8910760741467932
10,80,0.9371560459524177
10,80,0.8860894018875795
10,80,0.9114105318880616
10,80,0.9306768080222106
10,80,0.8310232228830743
10,80,0.9854521923702678
10,80,0.8721052536820331
10,80,0.9086276310473304
10,80,0.9058446873507006
10,80,0.9100646188087809
10,80,0.8643456049074812
10,80,0.9486759261733085
10,80,0.9090178223710835
15,80,0.8895034983204922
15,80,0.85802984532459
15,80,0.8545282926758223
15,80,0.8790564874538637
15,80,0.8848887740358272
15,80,0.8720758604956758
15,80,0.7986420156087577
15,80,0.8104232410782661
15,80,0.8048102312512505
15,80,0.8355981775106133
15,80,0.7831218811970047
15,80,0.7444584070777324
15,80,0.8028609220846613
15,80,0.7963790473886371
15,80,0.7780732876980306
15,80,0.7125323360421222
15,80,0.8244782714198496
15,80,0.7897831517545103
15,80,0.7994728849728273
15,80,0.7880548178489969
15,80,0.8196728381021693
15,80,0.8977508564824354
15,80,0.8405152743657233
15,80,0.8070045282902711
15,80,0.8260066358955644
15,80,0.7744015925799863
15,80,0.873803574219465
15,80,0.9193325040424913
15,80,0.7917407878275893
15,80,0.9109747626377633
15,80,0.9020029421026745
15,80,0.7100367130769498
15,80,0.8461248841811162
15,80,0.7846382242169238
15,80,0.7703926101532211
15,80,0.7778792964300718
15,80,0.734393264138087
15,80,0.8676248855168748
15,80,0.8683635199571286
15,80,0.8498201325493918
15,80,0.8960376780236989
15,80,0.8314350194632572
15,80,0.8388285405894352
15,80,0.8159632280033869
15,80,0.7844998506994716
15,80,0.7852171052147396
15,80,0.8976459597531943
15,80,0.8581019309535347
15,80,0.8014063342318405
15,80,0.7575950601208143
15,80,0.972888442194532
15,80,0.7682203977690268
15,80,0.683981506430928
15,80,0.7989916640234955
15,80,0.8664687408709517
15,80,0.9322456692536583
15,80,0.8112796199680243
15,80,0.9376535536147967
15,80,0.8235551246226861
15,80,0.8247796937395369
15,80,0.8619618633859419
15,80,0.8866556689805384
15,80,0.8456541472390062
15,80,0.8956109540776076
15,80,0.8884001342132387
15,80,0.8658428372997882
15,80,0.8512190030127655
15,80,0.8362941594036645
15,80,0.8565925069847953
15,80,0.8477245796339026
15,80,0.8846576288262563
15,80,0.8694864867844789
15,80,0.9174859607347203
15,80,0.9117466686788835
15,80,0.875263560524767
15,80,0.7914623619986364
15,80,0.7884829110135888
15,80,0.8844627105317914
15,80,0.8693566692735298
15,80,0.7782988710827714
15,80,0.8420659981165506
15,80,0.8950655088131779
15,80,0.8518127667216187
15,80,0.8280803595074275
15,80,0.7975654884307649
15,80,0.8094212469558563
15,80,0.8727872908053804
15,80,0.8840885399289443
15,80,0.7436158631260581
15,80,0.8383905011521866
15,80,0.851741148777868
15,80,0.7601079715959378
15,80,0.7616498995961447
15,80,0.7915126486227146
15,80,0.8025096309930473
15,80,0.881837434542481
15,80,0.8728583967353833
15,80,0.6901524504948804
15,80,0.8224846894648039
15,80,0.8625554461690396
20,80,0.7228537475663455
20,80,0.7699314145946675
20,80,0.7806901780691079
20,80,0.7573231743059381
20,80,0.7601796759212079
20,80,0.8445518942570729
20,80,0.7402226298707063
20,80,0.7143118784216672
20,80,0.8173399394636237
20,80,0.7493584113825966
20,80,0.718802318967453
20,80,0.666177076554788
20,80,0.7115431713339586
20,80,0.7240709529117454
20,80,0.5923073092400181
20,80,0.7888621273378225
20,80,0.8090015879502126
20,80,0.8044179203416576
20,80,0.8058924436051644
20,80,0.758936284743793
20,80,0.78013861416361
20,80,0.8024348289295462
20,80,0.6670525990096223
20,80,0.6831144528678006
20,80,0.827817964413755
20,80,0.7477254554730973
20,80,0.7078135420347578
20,80,0.7949511991248325
20,80,0.7517144151871686
20,80,0.8112041549764321
20,80,0.8130055741937157
20,80,0.7378473268953728
20,80,0.6958330463934373
20,80,0.7324780592429382
20,80,0.7021732583171733
20,80,0.7588886812362998
20,80,0.6299945874711894
20,80,0.5962149278182299
20,80,0.7018141693109586
20,80,0.746456059746098
20,80,0.7024000337412929
20,80,0.7986170360953215
20,80,0.7849080188671399
20,80,0.7663535226593505
20,80,0.793832680621892
20,80,0.7971719145166646
20,80,0.8065054130060599
20,80,0.7945817901909737
20,80,0.7516778330644985
20,80,0.7795387331244852
20,80,0.8169265757039038
20,80,0.8371592088980824
20,80,0.8589205705193694
20,80,0.7588476677008317
20,80,0.6418708488301356
20,80,0.7035886380325864
20,80,0.8160339165637391
20,80,0.7742706004580723
20,80,0.8015752414978882
20,80,0.8443272593658777
20,80,0.759688481358381
20,80,0.769079169137201
20,80,0.7780351216388549
20,80,0.6926016812811169
20,80,0.7066019436135318
20,80,0.7291109009287814
20,80,0.8305074014427143
20,80,0.663879085484759
20,80,0.7560162529557098
20,80,0.8219057123990082
20,80,0.7735931124002033
20,80,0.673065905093761
20,80,0.7699403882866184
0,100,1.0
0,100,1.0
0,100,1.0
0,100,1.0
0,100,1.0
0,100,1.0
0,100,1.0
0,100,1.0
0,100,1.0
0,100,1.0
0,100,1.0
0,100,1.0
0,100,1.0
0,100,1.0
0,100,1.0
0,100,1.0
0,100,1.0
0,100,1.0
0,100,1.0
0,100,1.0
0,100,1.0
0,100,1.0
0,100,1.0
0,100,1.0
0,100,1.0
0,100,1.0
0,100,1.0
0,100,1.0
0,100,1.0
0,100,1.0
0,100,1.0
0,100,1.0
0,100,1.0
0,100,1.0
0,100,1.0
0,100,1.0
0,100,1.0
0,100,1.0
0,100,1.0
0,100,1.0
0,100,1.0
0,100,1.0
0,100,1.0
0,100,1.0
0,100,1.0
0,100,1.0
0,100,1.0
0,100,1.0
0,100,1.0
0,100,1.0
0,100,1.0
0,100,1.0
0,100,1.0
0,100,1.0
0,100,1.0
0,100,1.0
0,100,1.0
0,100,1.0
0,100,1.0
0,100,1.0
0,100,1.0
0,100,1.0
0,100,1.0
0,100,1.0
0,100,1.0
0,100,1.0
0,100,1.0
0,100,1.0
0,100,1.0
0,100,1.0
0,100,1.0
0,100,1.0
0,100,1.0
0,100,1.0
0,100,1.0
0,100,1.0
0,100,1.0
0,100,1.0
0,100,1.0
0,100,1.0
0,100,1.0
0,100,1.0
0,100,1.0
0,100,1.0
0,100,1.0
0,100,1.0
0,100,1.0
0,100,1.0
0,100,1.0
0,100,1.0
0,100,1.0
0,100,1.0
0,100,1.0
0,100,1.0
0,100,1.0
0,100,1.0
0,100,1.0
0,100,1.0
0,100,1.0
0,100,1.0
5,100,0.9790360308094553
5,100,0.9864204494629633
5,100,0.9597820222534372
5,100,0.9722224550526913
5,100,0.9833913217646411
5,100,0.9701241164879282
5,100,0.9683988288652317
5,100,0.9758537948887557
5,100,0.9508080521574809
5,100,0.9643903689702422
5,100,0.9771911898761928
5,100,0.9400541410511889
5,100,0.9782402744338587
5,100,0.9853830728019681
5,100,0.9776073859142207
5,100,0.9423102914583597
5,100,0.9814048937413834
5,100,0.9849453939039207
5,100,0.9657916692976376
5,100,0.9327416802479388
5,100,0.9659106382130864
5,100,0.9852374446573198
5,100,0.9760735137037743
5,100,0.9726394483083062
5,100,0.9588507032740438
5,100,0.9822749648848749
5,100,0.9698904249293047
5,100,0.9728749192058356
5,100,0.9694368851333852
5,100,0.9706147540942673
5,100,0.9801301008392794
5,100,0.9761793328198244
5,100,0.9773342945664327
5,100,0.9872576196309726
5,100,0.9771765645423538
5,100,0.9753069634405744
5,100,0.9491517517695349
5,100,0.9776713759096913
5,100,0.9880736792446533
5,100,0.9634699517277262
5,100,0.9765490283702434
5,100,0.9833215075622169
5,100,0.9647793444234448
5,100,0.9633210626400558
5,100,0.9722747797976512
5,100,0.9708744854950659
5,100,0.9720169659489956
5,100,0.983808661242622
5,100,0.9819671432503787
5,100,0.9502514002042909
5,100,0.97738907438127
5,100,0.9774118817052998
5,100,0.9692788507888798
5,100,0.9366873446555132
5,100,0.9848692610392346
5,100,0.9662451536044823
5,100,0.9592844536038875
5,100,0.9599906448737021
5,100,0.9730608236546415
5,100,0.9821309478379517
5,100,0.9757554581065677
5,100,0.9636590907922582
5,100,0.9885022402644272
5,100,0.9815514612936247
5,100,0.9669305649227083
5,100,0.9688644380911313
5,100,0.985848985204048
5,100,0.9715398343576447
5,100,0.9742111347312653
5,100,0.9785816330912079
5,100,0.9713451429862194
5,100,0.9685731084483413
5,100,0.9678503935546316
5,100,0.9690393608126582
5,100,0.9789490887921032
5,100,0.9709152715498883
5,100,0.9731855445721306
5,100,0.9561503973241849
5,100,0.9731104510572128
5,100,0.9565062373077304
5,100,0.9763220071220472
5,100,0.9799866349521
5,100,0.9740698723892511
5,100,0.937458840114497
5,100,0.9670723400500523
5,100,0.9840604157915999
5,100,0.987045767467811
5,100,0.9763797182189975
5,100,0.9687083436601843
5,100,0.9592142474485306
5,100,0.9663711549809798
5,100,0.9644667626889504
5,100,0.980885418078193
5,100,0.979719601422576
5,100,0.9788543633207425
5,100,0.9788600179855441
5,100,0.964516179382264
5,100,0.9774339691958488
5,100,0.9853810985820572
5,100,0.9657519891814165
10,100,0.9222888699902466
10,100,0.9312653904288495
10,100,0.9314568470158073
10,100,0.9545618602021707
10,100,0.9417772563320145
10,100,0.9461775992941385
10,100,0.9431420593798694
10,100,0.9020998034941927
10,100,0.9476911745125913
10,100,0.9412660228664688
10,100,0.9603474161640888
10,100,0.8322327045645229
10,100,0.9671061663096626
10,100,0.8387526546242002
10,100,0.9009520647233071
10,100,0.9303353623421265
10,100,0.8951475003645989
10,100,0.950542482569454
10,100,0.9111800691835762
10,100,0.9546540288568958
10,100,0.8504474551097696
10,100,0.9365701604589253
10,100,0.9188271041938444
10,100,0.8762933942854447
10,100,0.8976755604864293
10,100,0.9481370526955614
10,100,0.8944435541158658
10,100,0.9558702949473057
10,100,0.9186754618830077
10,100,0.8478665453073729
10,100,0.9500866748518055
10,100,0.922809573395872
10,100,0.9552343242989716
10,100,0.9575610386916834
10,100,0.914013759277939
10,100,0.9533624177857113
10,100,0.9301265277323487
10,100,0.9416453872517844
10,100,0.9589734720903879
10,100,0.89812350282634
10,100,0.9351157612312949
10,100,0.957357698057847
10,100,0.9577590344386853
10,100,0.9397673005059313
10,100,0.9347593253905937
10,100,0.9567334403678155
10,100,0.9509824662210654
10,100,0.9676401675422454
10,100,0.9147680053119247
10,100,0.8698548542881299
10,100,0.9706634354208341
10,100,0.946753794570723
10,100,0.9098964184277171
10,100,0.918843172658885
10,100,0.9363243338827202
10,100,0.9365246214409028
10,100,0.9478969960311655
10,100,0.9368230326566969
10,100,0.8953689799919181
10,100,0.9714884669997549
10,100,0.9448217340247269
10,100,0.9338933499975328
10,100,0.9205410216476901
10,100,0.9205043799754689
10,100,0.9023203617503066
10,100,0.9035489394695017
10,100,0.9383189974332589
10,100,0.8999614877984728
10,100,0.9494222412734495
10,100,0.9232171938675366
10,100,0.9445294781737564
10,100,0.9513089578445013
10,100,0.9078729385303447
10,100,0.9583110037079599
10,100,0.8999136507833824
10,100,0.8778954190930884
10,100,0.9483439870230095
10,100,0.9264472312276864
10,100,0.9604915010439599
10,100,0.9236452981894628
10,100,0.9422878481846158
10,100,0.9749351724634641
10,100,0.9492234404425287
10,100,0.9050021969050726
10,100,0.9617133520762943
10,100,0.9737454534123506
10,100,0.9284577411881058
10,100,0.9384882984292661
10,100,0.9372062391465604
10,100,0.9372678590935893
10,100,0.9460632993748259
10,100,0.848090304862024
10,100,0.9791508193102288
10,100,0.8738007810807856
10,100,0.9384795946843465
10,100,0.9403139600393374
10,100,0.9439189115006188
10,100,0.8831199774539614
10,100,0.9647703704258693
10,100,0.9449522689976297
15,100,0.9091472541185281
15,100,0.8898107734955705
15,100,0.8920797819300772
15,100,0.8565936136106137
15,100,0.9200544658436128
15,100,0.8989466267401095
15,100,0.8722353772377246
15,100,0.863256640727191
15,100,0.8232418027889624
15,100,0.8731733032473152
15,100,0.8411205330812989
15,100,0.7742764849978075
15,100,0.8455053927390056
15,100,0.8471136480020822
15,100,0.7689588882150227
15,100,0.7388444603766614
15,100,0.8395751534634767
15,100,0.8857521032877685
15,100,0.8603019886820409
15,100,0.8483111681990382
15,100,0.8945489537516649
15,100,0.9282924771179571
15,100,0.880231194580351
15,100,0.8250786370111153
15,100,0.8638021088185571
15,100,0.8439758573779205
15,100,0.8837830943727173
15,100,0.9347143622351431
15,100,0.7852009015426109
15,100,0.8967351506939878
15,100,0.8982849399143362
15,100,0.7641462064513878
15,100,0.8537647739984381
15,100,0.8437704479499941
15,100,0.8074404652067443
15,100,0.8293662286551332
15,100,0.7990385010028876
15,100,0.8963493217533529
15,100,0.8864326692121987
15,100,0.8648811180651629
15,100,0.8660118541955746
15,100,0.8665569400481916
15,100,0.8842982480257142
15,100,0.8465613283217774
15,100,0.8494809369513779
15,100,0.8389504587966666
15,100,0.9197504396951497
15,100,0.8932394292551779
15,100,0.8042073660190555
15,100,0.7586208345335266
15,100,0.9573726592613944
15,100,0.7910101967483775
15,100,0.7529957461180458
15,100,0.8157450305452922
15,100,0.8617342777800491
15,100,0.9408412638805357
15,100,0.8624768544705953
15,100,0.9305633888249693
15,100,0.8511330625679749
15,100,0.8433142234395143
15,100,0.838625817896901
15,100,0.8922657638936782
15,100,0.8947738336383079
15,100,0.8990665223616804
15,100,0.8636466069515494
15,100,0.8860285374880458
15,100,0.8689244377885714
15,100,0.8238262593327429
15,100,0.9000999081669386
15,100,0.8745275460278323
15,100,0.8685617409432388
15,100,0.8800569021420264
15,100,0.9382056666456607
15,100,0.9263610684079792
15,100,0.9007740431624178
15,100,0.857698124144856
15,100,0.8614214646742724
15,100,0.9014140130131137
15,100,0.8887219164024719
15,100,0.7947454318848282
15,100,0.8503985177097388
15,100,0.9281632008119203
15,100,0.8766708037591285
15,100,0.8342182942107098
15,100,0.8539662242733297
15,100,0.8495602694301525
15,100,0.8544627483353298
15,100,0.9020148878843024
15,100,0.75678839768325
15,100,0.8935166649650259
15,100,0.8813429505373461
15,100,0.8473113456616652
15,100,0.7987751484520739
15,100,0.8118654156081901
15,100,0.8394093591619802
15,100,0.8670368158567141
15,100,0.9113970142956556
15,100,0.7503981343573582
15,100,0.8441149472934255
15,100,0.8723647678425969
20,100,0.7668747214476818
20,100,0.8210566612611068
20,100,0.7804238328787393
20,100,0.7863980190327883
20,100,0.8101925976474528
20,100,0.8392184920972183
20,100,0.7843647471049767
20,100,0.766296719743772
20,100,0.8726274768607092
20,100,0.8284683922310048
20,100,0.7225605341205109
20,100,0.7041488711823815
20,100,0.7924926009978485
20,100,0.7795249006001971
20,100,0.656104446017116
20,100,0.8366721485529978
20,100,0.815699623335864
20,100,0.8609745436108773
20,100,0.7985367849929007
20,100,0.7795627129442972
20,100,0.7687684434598973
20,100,0.8212244201441259
20,100,0.6926849848189417
20,100,0.7276164074778676
20,100,0.815339998327124
20,100,0.7834411309817573
20,100,0.7818392087403875
20,100,0.8416246659095986
20,100,0.8104939410869882
20,100,0.8558463946390505
20,100,0.8408842519500678
20,100,0.8164951100462913
20,100,0.7805339265861619
20,100,0.748178502413579
20,100,0.7204464256559813
20,100,0.7927219611227947
20,100,0.6964872446930006
20,100,0.6880413857969504
20,100,0.7280986653561351
20,100,0.7817013514980112
20,100,0.7614669795112069
20,100,0.8365399860289849
20,100,0.8175718664768787
20,100,0.8292058039376554
20,100,0.8219237510752277
20,100,0.7873477940027227
20,100,0.8353682361391422
20,100,0.8018798109020215
20,100,0.8197360003959968
20,100,0.8200818937510095
20,100,0.8719332893140079
20,100,0.8567215745175545
20,100,0.8290536709348052
20,100,0.7555907481791784
20,100,0.7325893853742288
20,100,0.7161677247418515
20,100,0.8284880696756802
20,100,0.7671206442690623
20,100,0.8083032937743104
20,100,0.826515050727926
20,100,0.8170259612423335
20,100,0.7718582546084501
20,100,0.7999892985974457
20,100,0.7203720163894607
20,100,0.77868231523529
20,100,0.7635962666159424
20,100,0.8452189276688042
20,100,0.7376442897753965
20,100,0.7808884584966272
20,100,0.8033236733148655
20,100,0.7841734121025208
20,100,0.7374509561163617
20,100,0.7951180977273402
0,192,1.0
0,192,1.0
0,192,1.0
0,192,1.0
0,192,1.0
0,192,1.0
0,192,1.0
0,192,1.0
0,192,1.0
0,192,1.0
0,192,1.0
0,192,1.0
0,192,1.0
0,192,1.0
0,192,1.0
0,192,1.0
0,192,1.0
0,192,1.0
0,192,1.0
0,192,1.0
0,192,1.0
0,192,1.0
0,192,1.0
0,192,1.0
0,192,1.0
0,192,1.0
0,192,1.0
0,192,1.0
0,192,1.0
0,192,1.0
0,192,1.0
0,192,1.0
0,192,1.0
0,192,1.0
0,192,1.0
0,192,1.0
0,192,1.0
0,192,1.0
0,192,1.0
0,192,1.0
0,192,1.0
0,192,1.0
0,192,1.0
0,192,1.0
0,192,1.0
0,192,1.0
0,192,1.0
0,192,1.0
0,192,1.0
0,192,1.0
0,192,1.0
0,192,1.0
0,192,1.0
0,192,1.0
0,192,1.0
0,192,1.0
0,192,1.0
0,192,1.0
0,192,1.0
0,192,1.0
0,192,1.0
0,192,1.0
0,192,1.0
0,192,1.0
0,192,1.0
0,192,1.0
0,192,1.0
0,192,1.0
0,192,1.0
0,192,1.0
0,192,1.0
0,192,1.0
0,192,1.0
0,192,1.0
0,192,1.0
0,192,1.0
0,192,1.0
0,192,1.0
0,192,1.0
0,192,1.0
0,192,1.0
0,192,1.0
0,192,1.0
0,192,1.0
0,192,1.0
0,192,1.0
0,192,1.0
0,192,1.0
0,192,1.0
0,192,1.0
0,192,1.0
0,192,1.0
0,192,1.0
0,192,1.0
0,192,1.0
0,192,1.0
0,192,1.0
0,192,1.0
0,192,1.0
0,192,1.0
5,192,0.9916106252063295
5,192,0.9924743634700581
5,192,0.9913719313457539
5,192,0.9828810328544573
5,192,0.9941735218627668
5,192,0.9910125413492159
5,192,0.9807804582043945
5,192,0.99007323018913
5,192,0.9894228035324815
5,192,0.990696703802472
5,192,0.991708861999998
5,192,0.9589258629224261
5,192,0.9895045700966666
5,192,0.9949412937425546
5,192,0.9948916930057632
5,192,0.9573121606046411
5,192,0.9929375873140593
5,192,0.9921539006571489
5,192,0.9877687352725858
5,192,0.9476446729900796
5,192,0.9777981149733856
5,192,0.99654028384559
5,192,0.9923567052295073
5,192,0.9884540573054758
5,192,0.9827056367475908
5,192,0.9922921319877013
5,192,0.9859964058731442
5,192,0.993036543342995
5,192,0.9919802340486498
5,192,0.9827483033672085
5,192,0.9925697717786514
5,192,0.9863984934451006
5,192,0.9932490093176352
5,192,0.9922242626524187
5,192,0.9930358329046445
5,192,0.9914562262582753
5,192,0.9664243548402343
5,192,0.9945538100091519
5,192,0.9950506267596431
5,192,0.994711533170443
5,192,0.9882565857781372
5,192,0.9932458139628099
5,192,0.9824202348264427
5,192,0.9894848403896782
5,192,0.9857167328293863
5,192,0.9854826535344686
5,192,0.9869463614463087
5,192,0.9917504524856529
5,192,0.9945878487041983
5,192,0.9670758343058119
5,192,0.9950551616616006
5,192,0.9915915479548658
5,192,0.9840468096827755
5,192,0.9716841326840339
5,192,0.9932406842234688
5,192,0.9867139722713205
5,192,0.9802287883814894
5,192,0.9874999005224525
5,192,0.9954908789071409
5,192,0.9960686090172204
5,192,0.9936756560204172
5,192,0.9871394285546206
5,192,0.9969223051512744
5,192,0.9928642662320595
5,192,0.9791824091919109
5,192,0.9927009554326893
5,192,0.9942018005471585
5,192,0.9862173764418865
5,192,0.9936869471018599
5,192,0.9915340224102515
5,192,0.9932000840258266
5,192,0.9921465347313105
5,192,0.9780879812347872
5,192,0.9864501290061048
5,192,0.9897033396928219
5,192,0.9847325136545271
5,192,0.9843268127684066
5,192,0.986701942267087
5,192,0.9875841566601566
5,192,0.9936732228291132
5,192,0.9901563070175695
5,192,0.9949543187636368
5,192,0.9907465375411078
5,192,0.9565652586329426
5,192,0.9899365437417529
5,192,0.9942396303916273
5,192,0.995781965706336
5,192,0.9891422737131338
5,192,0.9790804783785655
5,192,0.988520202916661
5,192,0.9789664239451762
5,192,0.9786008713321083
5,192,0.9941048260189284
5,192,0.993667982080561
5,192,0.9859680983178861
5,192,0.9926481232317713
5,192,0.9894853406828404
5,192,0.9906221793182557
5,192,0.9934005602015622
5,192,0.9928399656952926
10,192,0.9839166360729232
10,192,0.9687241307993794
10,192,0.9660934916817111
10,192,0.9844706216090973
10,192,0.9771200091063936
10,192,0.9686953307218812
10,192,0.9649210546293072
10,192,0.9432380105209612
10,192,0.9859570676129231
10,192,0.9765363566842776
10,192,0.9801606287124041
10,192,0.9168677521277651
10,192,0.9813425776056851
10,192,0.9279931164986027
10,192,0.9799771160123454
10,192,0.9494326169011814
10,192,0.957039509410409
10,192,0.9759289671860899
10,192,0.9634042275278842
10,192,0.9788460240050055
10,192,0.9197080966929759
10,192,0.9868668822750916
10,192,0.9682089695263668
10,192,0.9281634942703052
10,192,0.9770401582876108
10,192,0.973613432201581
10,192,0.9783336608458048
10,192,0.9792128804439576
10,192,0.968778019105724
10,192,0.9550313508140165
10,192,0.9708571464632806
10,192,0.9522915070725175
10,192,0.9781914585365221
10,192,0.9725903285169403
10,192,0.9836173335521176
10,192,0.9847666378376907
10,192,0.9780917820736339
10,192,0.9843332719184102
10,192,0.9867389472671937
10,192,0.9564400985406125
10,192,0.979121549729708
10,192,0.9746633990703005
10,192,0.9747279700680253
10,192,0.9789924969950485
10,192,0.9690579391256785
10,192,0.9871267923965649
10,192,0.9683144045898785
10,192,0.9828086542942194
10,192,0.9666282080253089
10,192,0.9277200756358139
10,192,0.9905017477409374
10,192,0.981495425418561
10,192,0.9461338584882981
10,192,0.9767007682975645
10,192,0.9762799230443987
10,192,0.9754159781143571
10,192,0.9647451058019878
10,192,0.9815707316478606
10,192,0.971319370485335
10,192,0.990889774197407
10,192,0.971748173338785
10,192,0.9572989690977785
10,192,0.9695879008846328
10,192,0.9445119854325746
10,192,0.954634677283858
10,192,0.9656978030492852
10,192,0.9759899230836228
10,192,0.9758919035803811
10,192,0.9687871516935216
10,192,0.9641033919901727
10,192,0.9809218649374105
10,192,0.9874144592636809
10,192,0.9477775197767204
10,192,0.9827931856136951
10,192,0.9788427058720465
10,192,0.9448882777141304
10,192,0.969414999329995
10,192,0.9704819482425795
10,192,0.981079254544224
10,192,0.9756226933264973
10,192,0.978555071391418
10,192,0.9922812467289674
10,192,0.9713503429883499
10,192,0.965982184972646
10,192,0.9833639092840654
10,192,0.989265999793828
10,192,0.958251996666535
10,192,0.9623191227571612
10,192,0.9686589083714345
10,192,0.9622224187703168
10,192,0.9796102345763291
10,192,0.9339441658962544
10,192,0.9900221488616773
10,192,0.9430804391553851
10,192,0.9592054349253106
10,192,0.9654539424107552
10,192,0.964749080786701
10,192,0.9307378887501373
10,192,0.980394663190872
10,192,0.9868022912274688
15,192,0.9618461787888638
15,192,0.9337808962260727
15,192,0.9554569328668887
15,192,0.9514065845688368
15,192,0.9452450605222846
15,192,0.9336568052570083
15,192,0.9182485945771188
15,192,0.9240303890991559
15,192,0.9420501512765183
15,192,0.9312560784769038
15,192,0.9011927057423275
15,192,0.8898108653361179
15,192,0.9495975522146178
15,192,0.9150476104970874
15,192,0.9379850087040601
15,192,0.910430710714351
15,192,0.946539737492917
15,192,0.9520448175262262
15,192,0.9347109542441245
15,192,0.9149900299240006
15,192,0.9501060959031067
15,192,0.9703302386739078
15,192,0.9664350388583917
15,192,0.9088026518703342
15,192,0.9313185525077179
15,192,0.93223302939146
15,192,0.9545620005836272
15,192,0.9767456582454035
15,192,0.9263142843020887
15,192,0.9746640042071952
15,192,0.9625095779456585
15,192,0.8972539375609373
15,192,0.9238078633048343
15,192,0.9267037283909111
15,192,0.9331385249055961
15,192,0.9066175012249679
15,192,0.9015483845186746
15,192,0.9405389081024184
15,192,0.9771051274257738
15,192,0.9547118044554385
15,192,0.9630082481662479
15,192,0.9340880409540857
15,192,0.9545200918030753
15,192,0.9501702732425314
15,192,0.9319337843903944
15,192,0.9145103372998894
15,192,0.9531712138189663
15,192,0.9459528922180023
15,192,0.8989887590647029
15,192,0.8801898742911183
15,192,0.9848756003273068
15,192,0.9133663777707145
15,192,0.8907140929028292
15,192,0.922602865218329
15,192,0.9533276792370753
15,192,0.9815842954568434
15,192,0.9219669585973463
15,192,0.9775748944756801
15,192,0.9415125076127646
15,192,0.9280532224447552
15,192,0.9420319982347344
15,192,0.9522408991514381
15,192,0.9507528134944923
15,192,0.9507042062986815
15,192,0.9382914846507363
15,192,0.9559953889830728
15,192,0.9589750008961619
15,192,0.9237916508634386
15,192,0.9384207263193863
15,192,0.9452362116877445
15,192,0.9366950787027013
15,192,0.9563206887858745
15,192,0.9763579963413199
15,192,0.9623242237281575
15,192,0.9666125065656039
15,192,0.9337499475237964
15,192,0.9231630494435973
15,192,0.9732263303322558
15,192,0.9598720356049627
15,192,0.914864634039124
15,192,0.938390639877999
15,192,0.9815495813467365
15,192,0.9490227402811953
15,192,0.9364879141287248
15,192,0.9510955776431027
15,192,0.9046510212885749
15,192,0.9469839085364988
15,192,0.9428767603628088
15,192,0.909525665418044
15,192,0.9549311416157772
15,192,0.9593277979599696
15,192,0.9368162790195673
15,192,0.9155453514627856
15,192,0.909751786416688
15,192,0.9077374662679183
15,192,0.9554861443260084
15,192,0.9541180101521287
15,192,0.8771348738954896
15,192,0.9375843918170129
15,192,0.9361479389985705
20,192,0.9120853278966358
20,192,0.9078327884227869
20,192,0.9327111830597077
20,192,0.8921873182214725
20,192,0.9228702078696144
20,192,0.9244365405760584
20,192,0.9235970623844203
20,192,0.8901786468220356
20,192,0.9418748788034994
20,192,0.9280505740832863
20,192,0.8895385077495652
20,192,0.8974068856264319
20,192,0.8970528835046845
20,192,0.9051813000828708
20,192,0.88465797800317
20,192,0.9356585834994642
20,192,0.9324314547744472
20,192,0.9252635348653565
20,192,0.9362580026340305
20,192,0.9226490946562034
20,192,0.9336262511825717
20,192,0.9134103737769129
20,192,0.9016566057940941
20,192,0.8988077434860163
20,192,0.9304531391291
20,192,0.8984723306412896
20,192,0.9274004471787513
20,192,0.9290609598009342
20,192,0.9225019039021952
20,192,0.9310506299202955
20,192,0.9405472464173473
20,192,0.9322395961695289
20,192,0.8829259659412092
20,192,0.8979281128991564
20,192,0.9028380687741797
20,192,0.9328229486656909
20,192,0.867036672785586
20,192,0.8507396756037655
20,192,0.8959636600977547
20,192,0.9137608427301883
20,192,0.9032462495212823
20,192,0.9301089055791973
20,192,0.8995343486192259
20,192,0.924598984985167
20,192,0.9367990218567522
20,192,0.9109297148703226
20,192,0.9382480776434826
20,192,0.9214759217960018
20,192,0.8982185437918263
20,192,0.902631001827232
20,192,0.9200932196475449
20,192,0.9310301508549622
20,192,0.9433269144988075
20,192,0.9125346823961257
20,192,0.8872766987381172
20,192,0.9046175356190095
20,192,0.9335581657793007
20,192,0.9185613162216192
20,192,0.927154670739071
20,192,0.9552970958550319
20,192,0.9324975996849503
20,192,0.9202781536273782
20,192,0.9199386262404698
20,192,0.9155976040032834
20,192,0.9025176392346193
20,192,0.9232681405311721
20,192,0.9390178558514002
20,192,0.8872699675520646
20,192,0.8837023686280187
20,192,0.9336366357530017
20,192,0.9318878781312931
20,192,0.8880522141732262
20,192,0.8894589515468603
