0,5,1.0,1.0
0,5,1.0,1.0
0,5,1.0,1.0
0,5,1.0,1.0
0,5,1.0,1.0
0,5,1.0,1.0
0,5,1.0,1.0
0,5,1.0,1.0
0,5,1.0,1.0
0,5,1.0,1.0
0,5,1.0,1.0
0,5,1.0,1.0
0,5,1.0,1.0
0,5,1.0,1.0
0,5,1.0,1.0
0,5,1.0,1.0
0,5,1.0,1.0
0,5,1.0,1.0
0,5,1.0,1.0
0,5,1.0,1.0
0,5,1.0,1.0
0,5,1.0,1.0
0,5,1.0,1.0
0,5,1.0,1.0
0,5,1.0,1.0
0,5,1.0,1.0
0,5,1.0,1.0
0,5,1.0,1.0
0,5,1.0,1.0
0,5,1.0,1.0
0,5,1.0,1.0
0,5,1.0,1.0
0,5,1.0,1.0
0,5,1.0,1.0
0,5,1.0,1.0
0,5,1.0,1.0
0,5,1.0,1.0
0,5,1.0,1.0
0,5,1.0,1.0
0,5,1.0,1.0
0,5,1.0,1.0
0,5,1.0,1.0
0,5,1.0,1.0
0,5,1.0,1.0
0,5,1.0,1.0
0,5,1.0,1.0
0,5,1.0,1.0
0,5,1.0,1.0
0,5,1.0,1.0
0,5,1.0,1.0
0,5,1.0,1.0
0,5,1.0,1.0
0,5,1.0,1.0
0,5,1.0,1.0
0,5,1.0,1.0
0,5,1.0,1.0
0,5,1.0,1.0
0,5,1.0,1.0
0,5,1.0,1.0
0,5,1.0,1.0
0,5,1.0,1.0
0,5,1.0,1.0
0,5,1.0,1.0
0,5,1.0,1.0
0,5,1.0,1.0
0,5,1.0,1.0
0,5,1.0,1.0
0,5,1.0,1.0
0,5,1.0,1.0
0,5,1.0,1.0
0,5,1.0,1.0
0,5,1.0,1.0
0,5,1.0,1.0
0,5,1.0,1.0
0,5,1.0,1.0
0,5,1.0,1.0
0,5,1.0,1.0
0,5,1.0,1.0
0,5,1.0,1.0
0,5,1.0,1.0
0,5,1.0,1.0
0,5,1.0,1.0
0,5,1.0,1.0
0,5,1.0,1.0
0,5,1.0,1.0
0,5,1.0,1.0
0,5,1.0,1.0
0,5,1.0,1.0
0,5,1.0,1.0
0,5,1.0,1.0
0,5,1.0,1.0
0,5,1.0,1.0
0,5,1.0,1.0
0,5,1.0,1.0
0,5,1.0,1.0
0,5,1.0,1.0
0,5,1.0,1.0
0,5,1.0,1.0
0,5,1.0,1.0
0,5,1.0,1.0
10,5,0.4360285416666667,0.25
10,5,0.18866010416666668,0.1111111111111111
10,5,0.26241010416666677,0.1111111111111111
10,5,0.4360285416666667,0.25
10,5,0.4360285416666667,0.25
10,5,0.7118310416666667,0.6666666666666666
10,5,0.26241010416666677,0.1111111111111111
10,5,0.1736184375,0.1111111111111111
10,5,0.45107020833333344,0.25
10,5,0.3622785416666667,0.25
10,5,0.37531135416666667,0.25
10,5,0.26241010416666677,0.1111111111111111
10,5,0.4360285416666667,0.25
10,5,0.1736184375,0.1111111111111111
10,5,0.4253113541666667,0.25
10,5,0.5882126041666665,0.42857142857142855
10,5,0.4253113541666667,0.25
10,5,0.1736184375,0.1111111111111111
10,5,0.4253113541666667,0.25
10,5,0.16290124999999997,0.1111111111111111
10,5,0.0,0.0
10,5,0.47482020833333344,0.25
10,5,0.4253113541666667,0.25
10,5,0.4253113541666667,0.25
10,5,0.5489297916666666,0.42857142857142855
10,5,0.26241010416666677,0.1111111111111111
10,5,0.4360285416666667,0.25
10,5,0.3515613541666667,0.25
10,5,0.26241010416666677,0.1111111111111111
10,5,0.26241010416666677,0.1111111111111111
10,5,0.2124101041666667,0.1111111111111111
10,5,0.38602854166666667,0.25
10,5,0.26241010416666677,0.1111111111111111
10,5,0.4360285416666667,0.25
10,5,0.4253113541666667,0.25
10,5,0.4360285416666667,0.25
10,5,0.4360285416666667,0.25
10,5,0.26241010416666677,0.1111111111111111
10,5,0.45107020833333344,0.25
10,5,0.26241010416666677,0.1111111111111111
10,5,0.26241010416666677,0.1111111111111111
10,5,0.26241010416666677,0.1111111111111111
10,5,0.18866010416666668,0.1111111111111111
10,5,0.5989297916666666,0.42857142857142855
10,5,0.26241010416666677,0.1111111111111111
10,5,0.4253113541666667,0.25
10,5,0.26241010416666677,0.1111111111111111
10,5,0.2124101041666667,0.1111111111111111
10,5,0.3365196875,0.25
10,5,0.26241010416666677,0.1111111111111111
10,5,0.4253113541666667,0.25
10,5,0.4360285416666667,0.25
10,5,0.26241010416666677,0.1111111111111111
10,5,0.16290124999999997,0.1111111111111111
10,5,0.4360285416666667,0.25
10,5,0.5882126041666665,0.42857142857142855
10,5,0.5989297916666666,0.42857142857142855
10,5,0.4360285416666667,0.25
10,5,0.26241010416666677,0.1111111111111111
10,5,0.26241010416666677,0.1111111111111111
10,5,0.26241010416666677,0.1111111111111111
10,5,0.2124101041666667,0.1111111111111111
10,5,0.1736184375,0.1111111111111111
10,5,0.1736184375,0.1111111111111111
10,5,0.4360285416666667,0.25
10,5,0.4360285416666667,0.25
10,5,0.26241010416666677,0.1111111111111111
10,5,0.5989297916666666,0.42857142857142855
10,5,0.5489297916666666,0.42857142857142855
10,5,0.3365196875,0.25
10,5,0.18866010416666668,0.1111111111111111
10,5,0.347236875,0.25
10,5,0.4253113541666667,0.25
10,5,0.38602854166666667,0.25
10,5,0.6246886458333333,0.42857142857142855
10,5,0.4360285416666667,0.25
10,5,0.3515613541666667,0.25
10,5,0.347236875,0.25
10,5,0.1736184375,0.1111111111111111
10,5,0.4253113541666667,0.25
10,5,0.47482020833333344,0.25
10,5,0.1736184375,0.1111111111111111
10,5,0.45107020833333344,0.25
10,5,0.37531135416666667,0.25
10,5,0.2124101041666667,0.1111111111111111
10,5,0.4360285416666667,0.25
10,5,0.4360285416666667,0.25
10,5,0.26241010416666677,0.1111111111111111
10,5,0.4360285416666667,0.25
10,5,0.26241010416666677,0.1111111111111111
10,5,0.18866010416666668,0.1111111111111111
10,5,0.4360285416666667,0.25
10,5,0.4360285416666667,0.25
10,5,0.0,0.0
10,5,0.4360285416666667,0.25
10,5,0.26241010416666677,0.1111111111111111
10,5,0.4253113541666667,0.25
10,5,0.4360285416666667,0.25
10,5,0.26241010416666677,0.1111111111111111
10,5,0.5489297916666666,0.42857142857142855
20,5,0.3365196875,0.25
20,5,0.1736184375,0.1111111111111111
20,5,0.26241010416666677,0.1111111111111111
20,5,0.4360285416666667,0.25
20,5,0.1736184375,0.1111111111111111
20,5,0.3622785416666667,0.25
20,5,0.0,0.0
20,5,0.1736184375,0.1111111111111111
20,5,0.4253113541666667,0.25
20,5,0.0,0.0
20,5,0.2124101041666667,0.1111111111111111
20,5,0.45107020833333344,0.25
20,5,0.26241010416666677,0.1111111111111111
20,5,0.0,0.0
20,5,0.26241010416666677,0.1111111111111111
20,5,0.2124101041666667,0.1111111111111111
20,5,0.4253113541666667,0.25
20,5,0.16290124999999997,0.1111111111111111
20,5,0.5989297916666666,0.42857142857142855
20,5,0.0,0.0
20,5,0.0,0.0
20,5,0.0,0.0
20,5,0.6139714583333332,0.42857142857142855
20,5,0.26241010416666677,0.1111111111111111
20,5,0.38602854166666667,0.25
20,5,0.3515613541666667,0.25
20,5,0.3365196875,0.25
20,5,0.18866010416666668,0.1111111111111111
20,5,0.26241010416666677,0.1111111111111111
20,5,0.5989297916666666,0.42857142857142855
20,5,0.0,0.0
20,5,0.1736184375,0.1111111111111111
20,5,0.16290124999999997,0.1111111111111111
20,5,0.16290124999999997,0.1111111111111111
20,5,0.1736184375,0.1111111111111111
20,5,0.1736184375,0.1111111111111111
20,5,0.26241010416666677,0.1111111111111111
20,5,0.1736184375,0.1111111111111111
20,5,0.45107020833333344,0.25
20,5,0.26241010416666677,0.1111111111111111
20,5,0.4360285416666667,0.25
20,5,0.0,0.0
20,5,0.1736184375,0.1111111111111111
20,5,0.0,0.0
20,5,0.4253113541666667,0.25
20,5,0.26241010416666677,0.1111111111111111
20,5,0.26241010416666677,0.1111111111111111
20,5,0.37531135416666667,0.25
20,5,0.0,0.0
20,5,0.4360285416666667,0.25
20,5,0.26241010416666677,0.1111111111111111
20,5,0.4253113541666667,0.25
20,5,0.3622785416666667,0.25
20,5,0.3365196875,0.25
20,5,0.26241010416666677,0.1111111111111111
20,5,0.4253113541666667,0.25
20,5,0.0,0.0
20,5,0.26241010416666677,0.1111111111111111
20,5,0.26241010416666677,0.1111111111111111
20,5,0.4360285416666667,0.25
20,5,0.26241010416666677,0.1111111111111111
20,5,0.26241010416666677,0.1111111111111111
20,5,0.5989297916666666,0.42857142857142855
20,5,0.1736184375,0.1111111111111111
20,5,0.4253113541666667,0.25
20,5,0.1736184375,0.1111111111111111
20,5,0.26241010416666677,0.1111111111111111
20,5,0.4253113541666667,0.25
20,5,0.1736184375,0.1111111111111111
20,5,0.18866010416666668,0.1111111111111111
20,5,0.0,0.0
20,5,0.1736184375,0.1111111111111111
20,5,0.45107020833333344,0.25
20,5,0.37531135416666667,0.25
20,5,0.2124101041666667,0.1111111111111111
20,5,0.26241010416666677,0.1111111111111111
20,5,0.0,0.0
20,5,0.0,0.0
20,5,0.0,0.0
20,5,0.4360285416666667,0.25
20,5,0.347236875,0.25
20,5,0.3515613541666667,0.25
20,5,0.3515613541666667,0.25
20,5,0.26241010416666677,0.1111111111111111
20,5,0.0,0.0
20,5,0.26241010416666677,0.1111111111111111
20,5,0.45107020833333344,0.25
20,5,0.5882126041666665,0.42857142857142855
20,5,0.5882126041666665,0.42857142857142855
20,5,0.26241010416666677,0.1111111111111111
20,5,0.0,0.0
20,5,0.26241010416666677,0.1111111111111111
20,5,0.4360285416666667,0.25
20,5,0.3622785416666667,0.25
20,5,0.38602854166666667,0.25
20,5,0.26241010416666677,0.1111111111111111
20,5,0.0,0.0
20,5,0.0,0.0
20,5,0.26241010416666677,0.1111111111111111
20,5,0.0,0.0
30,5,0.0,0.0
30,5,0.1736184375,0.1111111111111111
30,5,0.1736184375,0.1111111111111111
30,5,0.2124101041666667,0.1111111111111111
30,5,0.1736184375,0.1111111111111111
30,5,0.16290124999999997,0.1111111111111111
30,5,0.0,0.0
30,5,0.0,0.0
30,5,0.0,0.0
30,5,0.0,0.0
30,5,0.4253113541666667,0.25
30,5,0.18866010416666668,0.1111111111111111
30,5,0.0,0.0
30,5,0.18866010416666668,0.1111111111111111
30,5,0.0,0.0
30,5,0.0,0.0
30,5,0.38602854166666667,0.25
30,5,0.16290124999999997,0.1111111111111111
30,5,0.3622785416666667,0.25
30,5,0.0,0.0
30,5,0.0,0.0
30,5,0.37531135416666667,0.25
30,5,0.0,0.0
30,5,0.0,0.0
30,5,0.4360285416666667,0.25
30,5,0.3622785416666667,0.25
30,5,0.0,0.0
30,5,0.347236875,0.25
30,5,0.0,0.0
30,5,0.1736184375,0.1111111111111111
30,5,0.0,0.0
30,5,0.1736184375,0.1111111111111111
30,5,0.16290124999999997,0.1111111111111111
30,5,0.0,0.0
30,5,0.1736184375,0.1111111111111111
30,5,0.16290124999999997,0.1111111111111111
30,5,0.2124101041666667,0.1111111111111111
30,5,0.18866010416666668,0.1111111111111111
30,5,0.4360285416666667,0.25
30,5,0.16290124999999997,0.1111111111111111
30,5,0.0,0.0
30,5,0.16290124999999997,0.1111111111111111
30,5,0.0,0.0
30,5,0.0,0.0
30,5,0.6139714583333332,0.42857142857142855
30,5,0.0,0.0
30,5,0.18866010416666668,0.1111111111111111
30,5,0.0,0.0
30,5,0.0,0.0
30,5,0.0,0.0
30,5,0.0,0.0
30,5,0.5882126041666665,0.42857142857142855
30,5,0.0,0.0
30,5,0.0,0.0
30,5,0.4360285416666667,0.25
30,5,0.1736184375,0.1111111111111111
30,5,0.0,0.0
30,5,0.4360285416666667,0.25
30,5,0.0,0.0
30,5,0.0,0.0
30,5,0.1736184375,0.1111111111111111
30,5,0.18866010416666668,0.1111111111111111
30,5,0.26241010416666677,0.1111111111111111
30,5,0.1736184375,0.1111111111111111
30,5,0.5989297916666666,0.42857142857142855
30,5,0.1736184375,0.1111111111111111
30,5,0.2124101041666667,0.1111111111111111
30,5,0.37531135416666667,0.25
30,5,0.0,0.0
30,5,0.16290124999999997,0.1111111111111111
30,5,0.26241010416666677,0.1111111111111111
30,5,0.4253113541666667,0.25
30,5,0.4360285416666667,0.25
30,5,0.26241010416666677,0.1111111111111111
30,5,0.0,0.0
30,5,0.0,0.0
30,5,0.0,0.0
30,5,0.0,0.0
30,5,0.1736184375,0.1111111111111111
30,5,0.16290124999999997,0.1111111111111111
30,5,0.1736184375,0.1111111111111111
30,5,0.1736184375,0.1111111111111111
30,5,0.0,0.0
30,5,0.18866010416666668,0.1111111111111111
30,5,0.0,0.0
30,5,0.37531135416666667,0.25
30,5,0.4360285416666667,0.25
30,5,0.0,0.0
30,5,0.0,0.0
30,5,0.1736184375,0.1111111111111111
30,5,0.0,0.0
30,5,0.0,0.0
30,5,0.0,0.0
30,5,0.2124101041666667,0.1111111111111111
30,5,0.0,0.0
30,5,0.0,0.0
30,5,0.0,0.0
30,5,0.0,0.0
30,5,0.0,0.0
30,5,0.0,0.0
0,10,1.0,1.0
0,10,1.0,1.0
0,10,1.0,1.0
0,10,1.0,1.0
0,10,1.0,1.0
0,10,1.0,1.0
0,10,1.0,1.0
0,10,1.0,1.0
0,10,1.0,1.0
0,10,1.0,1.0
0,10,1.0,1.0
0,10,1.0,1.0
0,10,1.0,1.0
0,10,1.0,1.0
0,10,1.0,1.0
0,10,1.0,1.0
0,10,1.0,1.0
0,10,1.0,1.0
0,10,1.0,1.0
0,10,1.0,1.0
0,10,1.0,1.0
0,10,1.0,1.0
0,10,1.0,1.0
0,10,1.0,1.0
0,10,1.0,1.0
0,10,1.0,1.0
0,10,1.0,1.0
0,10,1.0,1.0
0,10,1.0,1.0
0,10,1.0,1.0
0,10,1.0,1.0
0,10,1.0,1.0
0,10,1.0,1.0
0,10,1.0,1.0
0,10,1.0,1.0
0,10,1.0,1.0
0,10,1.0,1.0
0,10,1.0,1.0
0,10,1.0,1.0
0,10,1.0,1.0
0,10,1.0,1.0
0,10,1.0,1.0
0,10,1.0,1.0
0,10,1.0,1.0
0,10,1.0,1.0
0,10,1.0,1.0
0,10,1.0,1.0
0,10,1.0,1.0
0,10,1.0,1.0
0,10,1.0,1.0
0,10,1.0,1.0
0,10,1.0,1.0
0,10,1.0,1.0
0,10,1.0,1.0
0,10,1.0,1.0
0,10,1.0,1.0
0,10,1.0,1.0
0,10,1.0,1.0
0,10,1.0,1.0
0,10,1.0,1.0
0,10,1.0,1.0
0,10,1.0,1.0
0,10,1.0,1.0
0,10,1.0,1.0
0,10,1.0,1.0
0,10,1.0,1.0
0,10,1.0,1.0
0,10,1.0,1.0
0,10,1.0,1.0
0,10,1.0,1.0
0,10,1.0,1.0
0,10,1.0,1.0
0,10,1.0,1.0
0,10,1.0,1.0
0,10,1.0,1.0
0,10,1.0,1.0
0,10,1.0,1.0
0,10,1.0,1.0
0,10,1.0,1.0
0,10,1.0,1.0
0,10,1.0,1.0
0,10,1.0,1.0
0,10,1.0,1.0
0,10,1.0,1.0
0,10,1.0,1.0
0,10,1.0,1.0
0,10,1.0,1.0
0,10,1.0,1.0
0,10,1.0,1.0
0,10,1.0,1.0
0,10,1.0,1.0
0,10,1.0,1.0
0,10,1.0,1.0
0,10,1.0,1.0
0,10,1.0,1.0
0,10,1.0,1.0
0,10,1.0,1.0
0,10,1.0,1.0
0,10,1.0,1.0
0,10,1.0,1.0
10,10,0.43786325456874087,0.25
10,10,0.39381460928397816,0.3333333333333333
10,10,0.40453966831151733,0.25
10,10,0.5845854081640067,0.42857142857142855
10,10,0.48918936470042784,0.3333333333333333
10,10,0.49061309760799543,0.3333333333333333
10,10,0.4776984528258619,0.3333333333333333
10,10,0.39207387614222156,0.3333333333333333
10,10,0.37013087225886976,0.17647058823529413
10,10,0.28938948275550597,0.17647058823529413
10,10,0.361082628127381,0.25
10,10,0.46231395292237104,0.3333333333333333
10,10,0.48918936470042784,0.3333333333333333
10,10,0.25548556608883927,0.17647058823529413
10,10,0.352422295255506,0.17647058823529413
10,10,0.5980767221053664,0.42857142857142855
10,10,0.3576729516171132,0.17647058823529413
10,10,0.30244706811994043,0.25
10,10,0.34805768715492,0.17647058823529413
10,10,0.3841191940586712,0.3333333333333333
10,10,0.3065010161070436,0.25
10,10,0.46059148229404767,0.25
10,10,0.47847217720042784,0.3333333333333333
10,10,0.4191329052906839,0.25
10,10,0.3329833760962798,0.17647058823529413
10,10,0.4595143321206752,0.3333333333333333
10,10,0.5009253109264479,0.3333333333333333
10,10,0.2075970771197421,0.1111111111111111
10,10,0.3325784019147322,0.17647058823529413
10,10,0.410987842790684,0.25
10,10,0.3456033428871931,0.25
10,10,0.4669887498678076,0.3333333333333333
10,10,0.4206031072528771,0.25
10,10,0.429850092790684,0.25
10,10,0.4351963442320438,0.25
10,10,0.4394653572528771,0.25
10,10,0.5719634136769656,0.42857142857142855
10,10,0.34427723275550604,0.17647058823529413
10,10,0.44489175945735066,0.25
10,10,0.41623849915229116,0.25
10,10,0.40730217372796695,0.25
10,10,0.40293756562738103,0.25
10,10,0.25077812475142913,0.17647058823529413
10,10,0.6131585177059524,0.42857142857142855
10,10,0.27320201461974214,0.1111111111111111
10,10,0.5568816180763796,0.42857142857142855
10,10,0.2615031837789683,0.1111111111111111
10,10,0.352937565627381,0.25
10,10,0.3266555695613002,0.25
10,10,0.399251896564664,0.25
10,10,0.5628483288611018,0.42857142857142855
10,10,0.5772140700385726,0.42857142857142855
10,10,0.3495278891171132,0.17647058823529413
10,10,0.24040377048825332,0.17647058823529413
10,10,0.3748383135962799,0.17647058823529413
10,10,0.5100520167672217,0.3333333333333333
10,10,0.5934094097018756,0.42857142857142855
10,10,0.5639502518989088,0.42857142857142855
10,10,0.4740127837631449,0.3333333333333333
10,10,0.4638789402212612,0.3333333333333333
10,10,0.40453966831151733,0.25
10,10,0.2745281247514292,0.17647058823529413
10,10,0.23942212714747949,0.17647058823529413
10,10,0.30244706811994043,0.25
10,10,0.502490298225338,0.3333333333333333
10,10,0.4459135317320438,0.25
10,10,0.39648939114821435,0.25
10,10,0.5837941452396825,0.42857142857142855
10,10,0.3996939861314578,0.25
10,10,0.338354400402074,0.25
10,10,0.2464135166508432,0.17647058823529413
10,10,0.27959847245044644,0.17647058823529413
10,10,0.5115222187294148,0.3333333333333333
10,10,0.4348247565998419,0.3333333333333333
10,10,0.4754528402981245,0.25
10,10,0.4394653572528771,0.25
10,10,0.33733262812738096,0.25
10,10,0.35275725696479104,0.25
10,10,0.3824586116800285,0.3333333333333333
10,10,0.5019069542672216,0.3333333333333333
10,10,0.6240560138685423,0.42857142857142855
10,10,0.2511209579882533,0.17647058823529413
10,10,0.4464567467562408,0.25
10,10,0.39044700059365084,0.25
10,10,0.3331884576233042,0.25
10,10,0.43510074915229113,0.25
10,10,0.4314150800895742,0.25
10,10,0.42585376361448424,0.25
10,10,0.5157912317502481,0.3333333333333333
10,10,0.25345290661566533,0.1111111111111111
10,10,0.3264250602109313,0.25
10,10,0.5126241417672217,0.3333333333333333
10,10,0.4415489236314578,0.25
10,10,0.2835848181199404,0.25
10,10,0.29206426461974216,0.1111111111111111
10,10,0.39648939114821435,0.25
10,10,0.5584837207605159,0.42857142857142855
10,10,0.429850092790684,0.25
10,10,0.3201635166508433,0.17647058823529413
10,10,0.3329833760962798,0.17647058823529413
20,10,0.1925554104530754,0.1111111111111111
20,10,0.23573645808476248,0.17647058823529413
20,10,0.3201635166508433,0.17647058823529413
20,10,0.43421470089126996,0.25
20,10,0.16834690901171565,0.1111111111111111
20,10,0.2946401391171131,0.17647058823529413
20,10,0.07107521813576388,0.05263157894736842
20,10,0.3744083345167255,0.3333333333333333
20,10,0.34805768715492,0.17647058823529413
20,10,0.0,0.0
20,10,0.2878290582763393,0.17647058823529413
20,10,0.4529049212354075,0.25
20,10,0.2615031837789683,0.1111111111111111
20,10,0.19712510008068568,0.17647058823529413
20,10,0.2571385756783824,0.1111111111111111
20,10,0.2878290582763393,0.17647058823529413
20,10,0.34805768715492,0.17647058823529413
20,10,0.2367181014255363,0.17647058823529413
20,10,0.45405859423204376,0.25
20,10,0.14303648453254897,0.1111111111111111
20,10,0.22372696713050588,0.17647058823529413
20,10,0.1474010926331349,0.1111111111111111
20,10,0.5988358119063493,0.42857142857142855
20,10,0.26675384014057546,0.1111111111111111
20,10,0.24206426461974212,0.1111111111111111
20,10,0.354998169752877,0.25
20,10,0.1925554104530754,0.1111111111111111
20,10,0.2464135166508432,0.17647058823529413
20,10,0.3495278891171132,0.17647058823529413
20,10,0.6557554116364677,0.5384615384615384
20,10,0.23017514160967256,0.17647058823529413
20,10,0.2490373916096726,0.17647058823529413
20,10,0.1619943296123016,0.1111111111111111
20,10,0.29172988061994043,0.25
20,10,0.23942212714747949,0.17647058823529413
20,10,0.2474352889255363,0.17647058823529413
20,10,0.3325784019147322,0.17647058823529413
20,10,0.3185105070613002,0.25
20,10,0.44120609039463365,0.25
20,10,0.3928037220854973,0.25
20,10,0.29206426461974216,0.1111111111111111
20,10,0.13778582817094182,0.1111111111111111
20,10,0.10163629897653771,0.05263157894736842
20,10,0.14303648453254897,0.1111111111111111
20,10,0.415447236227967,0.25
20,10,0.26675384014057546,0.1111111111111111
20,10,0.2571385756783824,0.1111111111111111
20,10,0.3076729516171131,0.17647058823529413
20,10,0.13778582817094182,0.1111111111111111
20,10,0.426164423727967,0.25
20,10,0.525338893894832,0.42857142857142855
20,10,0.5034719415661117,0.3333333333333333
20,10,0.30108831359627974,0.17647058823529413
20,10,0.1925554104530754,0.1111111111111111
20,10,0.25345290661566533,0.1111111111111111
20,10,0.42069789258957413,0.25
20,10,0.14579898994899862,0.1111111111111111
20,10,0.46231395292237104,0.3333333333333333
20,10,0.4659625065998419,0.3333333333333333
20,10,0.4972396418637308,0.3333333333333333
20,10,0.3282137938141463,0.17647058823529413
20,10,0.3245281247514292,0.17647058823529413
20,10,0.5223341915661118,0.3333333333333333
20,10,0.16834690901171565,0.1111111111111111
20,10,0.352422295255506,0.17647058823529413
20,10,0.25548556608883927,0.17647058823529413
20,10,0.3992890119499102,0.25
20,10,0.6508730341992466,0.5384615384615384
20,10,0.32656078422460316,0.25
20,10,0.17970290661566532,0.1111111111111111
20,10,0.07107521813576388,0.05263157894736842
20,10,0.17796217347390875,0.1111111111111111
20,10,0.3781811494221727,0.17647058823529413
20,10,0.30242229525550596,0.17647058823529413
20,10,0.2878290582763393,0.17647058823529413
20,10,0.3282137938141463,0.17647058823529413
20,10,0.14303648453254897,0.1111111111111111
20,10,0.13778582817094182,0.1111111111111111
20,10,0.26383571011586365,0.25
20,10,0.3587748746549201,0.17647058823529413
20,10,0.2699832079882533,0.17647058823529413
20,10,0.4217087797880549,0.3333333333333333
20,10,0.29037112609627974,0.17647058823529413
20,10,0.4226866736314578,0.25
20,10,0.2141117026683128,0.17647058823529413
20,10,0.33991262465492006,0.17647058823529413
20,10,0.37013087225886976,0.17647058823529413
20,10,0.4485920630936509,0.25
20,10,0.5847757885804563,0.42857142857142855
20,10,0.3245281247514292,0.17647058823529413
20,10,0.2851869208040767,0.25
20,10,0.3282137938141463,0.17647058823529413
20,10,0.4459135317320438,0.25
20,10,0.35610009279068394,0.25
20,10,0.24206426461974212,0.1111111111111111
20,10,0.2571385756783824,0.1111111111111111
20,10,0.1655480979530754,0.1111111111111111
20,10,0.07107521813576388,0.05263157894736842
20,10,0.4595143321206752,0.3333333333333333
20,10,0.13342122007035587,0.1111111111111111
30,10,0.0,0.0
30,10,0.23505751904689356,0.17647058823529413
30,10,0.17796217347390875,0.1111111111111111
30,10,0.34925189656466393,0.25
30,10,0.10163629897653771,0.05263157894736842
30,10,0.31304397592290734,0.25
30,10,0.0,0.0
30,10,0.0827740489765377,0.05263157894736842
30,10,0.0,0.0
30,10,0.0827740489765377,0.05263157894736842
30,10,0.4351963442320438,0.25
30,10,0.1166779656432044,0.05263157894736842
30,10,0.14303648453254897,0.1111111111111111
30,10,0.27052723275550594,0.17647058823529413
30,10,0.0,0.0
30,10,0.14579898994899862,0.1111111111111111
30,10,0.389465357252877,0.25
30,10,0.3680557551173114,0.3333333333333333
30,10,0.3576650800895741,0.25
30,10,0.1341001591082248,0.1111111111111111
30,10,0.2205598771474795,0.17647058823529413
30,10,0.36913290529068393,0.25
30,10,0.07107521813576388,0.05263157894736842
30,10,0.22581053350908661,0.17647058823529413
30,10,0.29206426461974216,0.1111111111111111
30,10,0.21831426461974213,0.1111111111111111
30,10,0.07107521813576388,0.05263157894736842
30,10,0.3463090824856244,0.25
30,10,0.07632587449737102,0.05263157894736842
30,10,0.10163629897653771,0.05263157894736842
30,10,0.2104260336055958,0.17647058823529413
30,10,0.26073622245044636,0.17647058823529413
30,10,0.22501927058476245,0.17647058823529413
30,10,0.06302494097246092,0.05263157894736842
30,10,0.23573645808476248,0.17647058823529413
30,10,0.1619943296123016,0.1111111111111111
30,10,0.14042796564320442,0.05263157894736842
30,10,0.4729029891977988,0.42857142857142855
30,10,0.3587748746549201,0.17647058823529413
30,10,0.16724498597390874,0.1111111111111111
30,10,0.13935081546983194,0.1111111111111111
30,10,0.15762972151171564,0.1111111111111111
30,10,0.07107521813576388,0.05263157894736842
30,10,0.0,0.0
30,10,0.5277605937705854,0.3333333333333333
30,10,0.0,0.0
30,10,0.26407905827633926,0.17647058823529413
30,10,0.0,0.0
30,10,0.07107521813576388,0.05263157894736842
30,10,0.06302494097246092,0.05263157894736842
30,10,0.06302494097246092,0.05263157894736842
30,10,0.44334140673204375,0.25
30,10,0.07107521813576388,0.05263157894736842
30,10,0.14579898994899862,0.1111111111111111
30,10,0.426164423727967,0.25
30,10,0.1727115171123016,0.1111111111111111
30,10,0.12973555100763887,0.1111111111111111
30,10,0.502490298225338,0.3333333333333333
30,10,0.07632587449737102,0.05263157894736842
30,10,0.28514980541883056,0.25
30,10,0.31206233258213356,0.25
30,10,0.1994520146197421,0.1111111111111111
30,10,0.19042796564320447,0.05263157894736842
30,10,0.10163629897653771,0.05263157894736842
30,10,0.45405859423204376,0.25
30,10,0.17796217347390875,0.1111111111111111
30,10,0.37705128173204366,0.25
30,10,0.36913290529068393,0.25
30,10,0.0,0.0
30,10,0.28804421155722343,0.25
30,10,0.2615031837789683,0.1111111111111111
30,10,0.415447236227967,0.25
30,10,0.5126241417672217,0.3333333333333333
30,10,0.3956033428871931,0.25
30,10,0.07107521813576388,0.05263157894736842
30,10,0.15909992347390872,0.1111111111111111
30,10,0.06671061003517793,0.05263157894736842
30,10,0.1341001591082248,0.1111111111111111
30,10,0.17796217347390875,0.1111111111111111
30,10,0.2932948679188306,0.25
30,10,0.23942212714747949,0.17647058823529413
30,10,0.1727115171123016,0.1111111111111111
30,10,0.2221248644463696,0.17647058823529413
30,10,0.19300384014057542,0.1111111111111111
30,10,0.13778582817094182,0.1111111111111111
30,10,0.29437201809220304,0.17647058823529413
30,10,0.3748383135962799,0.17647058823529413
30,10,0.1474010926331349,0.1111111111111111
30,10,0.2835848181199404,0.25
30,10,0.17796217347390875,0.1111111111111111
30,10,0.1341001591082248,0.1111111111111111
30,10,0.14579898994899862,0.1111111111111111
30,10,0.07107521813576388,0.05263157894736842
30,10,0.14042796564320442,0.05263157894736842
30,10,0.14948465901171565,0.1111111111111111
30,10,0.0,0.0
30,10,0.1341001591082248,0.1111111111111111
30,10,0.1474010926331349,0.1111111111111111
30,10,0.14215043627152776,0.1111111111111111
30,10,0.06671061003517793,0.05263157894736842
0,15,1.0,1.0
0,15,1.0,1.0
0,15,1.0,1.0
0,15,1.0,1.0
0,15,1.0,1.0
0,15,1.0,1.0
0,15,1.0,1.0
0,15,1.0,1.0
0,15,1.0,1.0
0,15,1.0,1.0
0,15,1.0,1.0
0,15,1.0,1.0
0,15,1.0,1.0
0,15,1.0,1.0
0,15,1.0,1.0
0,15,1.0,1.0
0,15,1.0,1.0
0,15,1.0,1.0
0,15,1.0,1.0
0,15,1.0,1.0
0,15,1.0,1.0
0,15,1.0,1.0
0,15,1.0,1.0
0,15,1.0,1.0
0,15,1.0,1.0
0,15,1.0,1.0
0,15,1.0,1.0
0,15,1.0,1.0
0,15,1.0,1.0
0,15,1.0,1.0
0,15,1.0,1.0
0,15,1.0,1.0
0,15,1.0,1.0
0,15,1.0,1.0
0,15,1.0,1.0
0,15,1.0,1.0
0,15,1.0,1.0
0,15,1.0,1.0
0,15,1.0,1.0
0,15,1.0,1.0
0,15,1.0,1.0
0,15,1.0,1.0
0,15,1.0,1.0
0,15,1.0,1.0
0,15,1.0,1.0
0,15,1.0,1.0
0,15,1.0,1.0
0,15,1.0,1.0
0,15,1.0,1.0
0,15,1.0,1.0
0,15,1.0,1.0
0,15,1.0,1.0
0,15,1.0,1.0
0,15,1.0,1.0
0,15,1.0,1.0
0,15,1.0,1.0
0,15,1.0,1.0
0,15,1.0,1.0
0,15,1.0,1.0
0,15,1.0,1.0
0,15,1.0,1.0
0,15,1.0,1.0
0,15,1.0,1.0
0,15,1.0,1.0
0,15,1.0,1.0
0,15,1.0,1.0
0,15,1.0,1.0
0,15,1.0,1.0
0,15,1.0,1.0
0,15,1.0,1.0
0,15,1.0,1.0
0,15,1.0,1.0
0,15,1.0,1.0
0,15,1.0,1.0
0,15,1.0,1.0
0,15,1.0,1.0
0,15,1.0,1.0
0,15,1.0,1.0
0,15,1.0,1.0
0,15,1.0,1.0
0,15,1.0,1.0
0,15,1.0,1.0
0,15,1.0,1.0
0,15,1.0,1.0
0,15,1.0,1.0
0,15,1.0,1.0
0,15,1.0,1.0
0,15,1.0,1.0
0,15,1.0,1.0
0,15,1.0,1.0
0,15,1.0,1.0
0,15,1.0,1.0
0,15,1.0,1.0
0,15,1.0,1.0
0,15,1.0,1.0
0,15,1.0,1.0
0,15,1.0,1.0
0,15,1.0,1.0
0,15,1.0,1.0
0,15,1.0,1.0
10,15,0.5020530210035961,0.36363636363636365
10,15,0.4440938600224117,0.42857142857142855
10,15,0.47773263928546317,0.36363636363636365
10,15,0.5431225232167547,0.36363636363636365
10,15,0.542190146980854,0.42857142857142855
10,15,0.5065473184889193,0.36363636363636365
10,15,0.49155436567731403,0.36363636363636365
10,15,0.3671364507222071,0.30434782608695654
10,15,0.47122250768362905,0.30434782608695654
10,15,0.41790125152815594,0.36363636363636365
10,15,0.3932973650892117,0.30434782608695654
10,15,0.5149632040452898,0.42857142857142855
10,15,0.617406823139302,0.5789473684210527
10,15,0.39092223137110826,0.36363636363636365
10,15,0.480934064028156,0.36363636363636365
10,15,0.7079353564338622,0.6666666666666666
10,15,0.4975579253133391,0.36363636363636365
10,15,0.407508480855734,0.42857142857142855
10,15,0.4789394563120553,0.36363636363636365
10,15,0.4415682847530543,0.42857142857142855
10,15,0.4082939797427453,0.42857142857142855
10,15,0.5319510886848525,0.36363636363636365
10,15,0.6090596360237872,0.5789473684210527
10,15,0.5292858499529554,0.42857142857142855
10,15,0.4614951448689298,0.36363636363636365
10,15,0.47337024497212743,0.36363636363636365
10,15,0.5562960935913592,0.42857142857142855
10,15,0.38881269986028033,0.36363636363636365
10,15,0.4306568134424852,0.30434782608695654
10,15,0.44083257936802944,0.30434782608695654
10,15,0.42561462265958105,0.36363636363636365
10,15,0.44388468903093414,0.30434782608695654
10,15,0.4847928736877323,0.36363636363636365
10,15,0.5035796995659739,0.36363636363636365
10,15,0.5107593155904748,0.36363636363636365
10,15,0.5496183019151485,0.42857142857142855
10,15,0.5737421754151371,0.42857142857142855
10,15,0.4775888410996203,0.36363636363636365
10,15,0.5225330388452535,0.36363636363636365
10,15,0.4918014705107222,0.36363636363636365
10,15,0.43323523769269967,0.30434782608695654
10,15,0.5862288784186288,0.5789473684210527
10,15,0.38349325849170546,0.36363636363636365
10,15,0.583313781128607,0.36363636363636365
10,15,0.46094425380370907,0.36363636363636365
10,15,0.5551002383594459,0.42857142857142855
10,15,0.4044621040493841,0.30434782608695654
10,15,0.42548731308880583,0.36363636363636365
10,15,0.40518501590805445,0.36363636363636365
10,15,0.5509197110403947,0.5
10,15,0.6429168294572216,0.5789473684210527
10,15,0.6181377012057183,0.5
10,15,0.4139044942998774,0.25
10,15,0.3231973044798177,0.30434782608695654
10,15,0.574118450113421,0.5
10,15,0.5259862376481456,0.36363636363636365
10,15,0.6298847324550643,0.5
10,15,0.5290139833950854,0.36363636363636365
10,15,0.4917803692272098,0.36363636363636365
10,15,0.486738057611804,0.36363636363636365
10,15,0.36361603714437163,0.2
10,15,0.43738492338158896,0.42857142857142855
10,15,0.3655638955356442,0.36363636363636365
10,15,0.37889820643722305,0.36363636363636365
10,15,0.5211460506482545,0.36363636363636365
10,15,0.590948142053169,0.5
10,15,0.47413067053611707,0.36363636363636365
10,15,0.6948326388820434,0.6666666666666666
10,15,0.47525695748988883,0.36363636363636365
10,15,0.43505583211129784,0.42857142857142855
10,15,0.3041569176790021,0.25
10,15,0.4104802416075817,0.36363636363636365
10,15,0.531659804577965,0.36363636363636365
10,15,0.5224155121841083,0.5
10,15,0.5519039786154071,0.36363636363636365
10,15,0.47884993417065735,0.30434782608695654
10,15,0.33703569981484305,0.25
10,15,0.42411686335559573,0.36363636363636365
10,15,0.32500952098564534,0.25
10,15,0.6328459442480885,0.5789473684210527
10,15,0.6306346151781782,0.42857142857142855
10,15,0.4211475965743626,0.42857142857142855
10,15,0.5201863535315308,0.36363636363636365
10,15,0.5388566477260447,0.5
10,15,0.4069180643985941,0.36363636363636365
10,15,0.5106637205107223,0.36363636363636365
10,15,0.4630931812500607,0.30434782608695654
10,15,0.49449183846329636,0.36363636363636365
10,15,0.531725452631172,0.36363636363636365
10,15,0.4346685293562036,0.36363636363636365
10,15,0.4326663322605899,0.42857142857142855
10,15,0.5656249240476479,0.42857142857142855
10,15,0.4484218352748694,0.25
10,15,0.39373776278221184,0.42857142857142855
10,15,0.4765380547036172,0.36363636363636365
10,15,0.5409873656679954,0.5
10,15,0.5629840140406801,0.42857142857142855
10,15,0.5815179072664146,0.5
10,15,0.48065031489651777,0.42857142857142855
10,15,0.42270180659746315,0.30434782608695654
20,15,0.22897613036129463,0.15384615384615385
20,15,0.26096819383855274,0.2
20,15,0.33585541206419867,0.2
20,15,0.433917772578732,0.25
20,15,0.269254323667328,0.25
20,15,0.3551050716872646,0.25
20,15,0.23630463512917102,0.25
20,15,0.4662024550686183,0.5
20,15,0.4804811285401829,0.36363636363636365
20,15,0.14662826741546015,0.15384615384615385
20,15,0.4136192955069966,0.36363636363636365
20,15,0.4941228627363289,0.30434782608695654
20,15,0.30272374325865187,0.15384615384615385
20,15,0.2931252035789671,0.30434782608695654
20,15,0.40584253314455204,0.30434782608695654
20,15,0.30144264566022294,0.2
20,15,0.41208276118017695,0.25
20,15,0.2920915020692099,0.25
20,15,0.5254182006228485,0.36363636363636365
20,15,0.2507622079866035,0.25
20,15,0.3459570629060579,0.36363636363636365
20,15,0.33306502378763014,0.36363636363636365
20,15,0.6033361051865134,0.42857142857142855
20,15,0.3356862253231633,0.2
20,15,0.34741998768931137,0.25
20,15,0.38276459830075077,0.30434782608695654
20,15,0.36921613706847994,0.36363636363636365
20,15,0.3424136201491246,0.30434782608695654
20,15,0.40673465434392786,0.25
20,15,0.594100337995696,0.42857142857142855
20,15,0.28975190722097255,0.25
20,15,0.34231596356596133,0.30434782608695654
20,15,0.2264784063809325,0.2
20,15,0.4114226656226466,0.42857142857142855
20,15,0.25748402294532013,0.2
20,15,0.41538361948217395,0.42857142857142855
20,15,0.4265001973835419,0.30434782608695654
20,15,0.391703478035246,0.36363636363636365
20,15,0.4752541919396055,0.30434782608695654
20,15,0.4316516632019335,0.30434782608695654
20,15,0.36371818134432266,0.2
20,15,0.323449759325437,0.36363636363636365
20,15,0.1979307128085948,0.15384615384615385
20,15,0.17762383985762709,0.15384615384615385
20,15,0.4963466829592065,0.36363636363636365
20,15,0.33840775686515595,0.2
20,15,0.3287924924029628,0.2
20,15,0.4043162786279154,0.30434782608695654
20,15,0.2043482129690444,0.2
20,15,0.4975240301187718,0.36363636363636365
20,15,0.4931241569330012,0.36363636363636365
20,15,0.5564727238465379,0.42857142857142855
20,15,0.36066507920757973,0.25
20,15,0.30063266506463726,0.25
20,15,0.406605172495792,0.30434782608695654
20,15,0.45954583370601026,0.30434782608695654
20,15,0.2589677764870384,0.25
20,15,0.51922640781541,0.42857142857142855
20,15,0.47981841945129405,0.36363636363636365
20,15,0.47829219708580084,0.30434782608695654
20,15,0.3815088864283481,0.25
20,15,0.40944671568114827,0.30434782608695654
20,15,0.4693334092856855,0.25
20,15,0.20056426395230853,0.15384615384615385
20,15,0.4899372685672466,0.36363636363636365
20,15,0.3443158296311711,0.30434782608695654
20,15,0.47746692713915706,0.36363636363636365
20,15,0.6328111384014059,0.5
20,15,0.32626385591206525,0.25
20,15,0.2585266632961954,0.2
20,15,0.1303030705683186,0.1111111111111111
20,15,0.2812395885140063,0.25
20,15,0.46517804838136334,0.30434782608695654
20,15,0.28169085278187994,0.15384615384615385
20,15,0.30405758949103884,0.2
20,15,0.3833422510114892,0.25
20,15,0.21196886971513682,0.2
20,15,0.2852996445664914,0.30434782608695654
20,15,0.37279851370751493,0.42857142857142855
20,15,0.4891200080107112,0.36363636363636365
20,15,0.24925176551462735,0.15384615384615385
20,15,0.44011958876464075,0.36363636363636365
20,15,0.415624727525593,0.36363636363636365
20,15,0.5648146477667536,0.5
20,15,0.3336202669018722,0.36363636363636365
20,15,0.4774275979666607,0.36363636363636365
20,15,0.4183344329465938,0.25
20,15,0.5223216698689409,0.36363636363636365
20,15,0.5161377137316443,0.30434782608695654
20,15,0.3778232173656312,0.25
20,15,0.39533986546634814,0.42857142857142855
20,15,0.3146521912964698,0.15384615384615385
20,15,0.40682326514803924,0.2
20,15,0.4662530374529553,0.42857142857142855
20,15,0.34113831469221334,0.25
20,15,0.40193086053193927,0.30434782608695654
20,15,0.23211048275117802,0.2
20,15,0.23185632671521408,0.25
20,15,0.47491191720025483,0.36363636363636365
20,15,0.2782135049239128,0.30434782608695654
30,15,0.1441516793197981,0.15384615384615385
30,15,0.3247759495480769,0.30434782608695654
30,15,0.253527762811102,0.2
30,15,0.4522350012709858,0.42857142857142855
30,15,0.23163251915358357,0.2
30,15,0.349707021298695,0.30434782608695654
30,15,0.10719170563147254,0.1111111111111111
30,15,0.20595196035514138,0.2
30,15,0.17913993268982878,0.2
30,15,0.17462015439463785,0.15384615384615385
30,15,0.5101160920779539,0.36363636363636365
30,15,0.20580253951931193,0.15384615384615385
30,15,0.14066386616930152,0.1111111111111111
30,15,0.29066743658281824,0.2
30,15,0.11910154635639261,0.1111111111111111
30,15,0.18494124139921045,0.15384615384615385
30,15,0.42168009421470776,0.30434782608695654
30,15,0.2762616345654185,0.2
30,15,0.3926013485933974,0.30434782608695654
30,15,0.1361758491589343,0.1111111111111111
30,15,0.24134330448731278,0.2
30,15,0.44469587664911503,0.36363636363636365
30,15,0.16736963196782098,0.15384615384615385
30,15,0.321810637007368,0.30434782608695654
30,15,0.3997899880737967,0.25
30,15,0.32822488381444515,0.25
30,15,0.22285312217612344,0.25
30,15,0.3851570236020605,0.30434782608695654
30,15,0.17025028794494287,0.15384615384615385
30,15,0.1220708131376258,0.07142857142857142
30,15,0.2720811072463674,0.25
30,15,0.2764281178638018,0.2
30,15,0.2737594670738307,0.25
30,15,0.19900086003483622,0.2
30,15,0.21945332402509343,0.15384615384615385
30,15,0.23755991894949482,0.2
30,15,0.3074907472197526,0.25
30,15,0.43860994420649635,0.36363636363636365
30,15,0.4069784353426441,0.25
30,15,0.2407322672816303,0.2
30,15,0.21728640519151043,0.2
30,15,0.2668971171938977,0.25
30,15,0.19751129685770435,0.2
30,15,0.06893500316135004,0.07142857142857142
30,15,0.5072714767645278,0.30434782608695654
30,15,0.07585989967096901,0.07142857142857142
30,15,0.2797709536896947,0.2
30,15,0.14479490283231905,0.15384615384615385
30,15,0.16944793999729266,0.15384615384615385
30,15,0.16204088634651065,0.15384615384615385
30,15,0.19129438427754247,0.2
30,15,0.4367628054224078,0.25
30,15,0.17181794038177792,0.15384615384615385
30,15,0.30167278737111786,0.30434782608695654
30,15,0.4285890269574216,0.25
30,15,0.24110726649354527,0.2
30,15,0.20138946773221933,0.2
30,15,0.5280709471578734,0.36363636363636365
30,15,0.20004042167731886,0.2
30,15,0.35887941219412056,0.36363636363636365
30,15,0.3541684410419065,0.30434782608695654
30,15,0.3036175966186912,0.25
30,15,0.3207757169777577,0.2
30,15,0.15458247841199443,0.1111111111111111
30,15,0.49344317114982394,0.30434782608695654
30,15,0.20810122038502993,0.15384615384615385
30,15,0.33612765056489796,0.2
30,15,0.3697241439369975,0.25
30,15,0.11465323794243568,0.1111111111111111
30,15,0.2561237849291684,0.2
30,15,0.3650255422653965,0.25
30,15,0.4070352703351899,0.25
30,15,0.56053339212117,0.42857142857142855
30,15,0.39619458153350673,0.25
30,15,0.19271145728624003,0.2
30,15,0.2328321482279609,0.2
30,15,0.1949800533402595,0.2
30,15,0.24845908671688471,0.25
30,15,0.24961609019848924,0.2
30,15,0.3345128094197519,0.30434782608695654
30,15,0.28945905241834463,0.25
30,15,0.28771366823348243,0.25
30,15,0.20584173038670056,0.15384615384615385
30,15,0.3097327681337206,0.25
30,15,0.20043654035643163,0.2
30,15,0.31332208084889523,0.2
30,15,0.3886968444264942,0.2
30,15,0.19371318403929633,0.15384615384615385
30,15,0.2101495216784261,0.15384615384615385
30,15,0.2878727926686117,0.25
30,15,0.2421774137197867,0.25
30,15,0.21745290667357908,0.2
30,15,0.05271639402538529,0.034482758620689655
30,15,0.22534917455168557,0.15384615384615385
30,15,0.2211385757362961,0.2
30,15,0.07313836812897638,0.07142857142857142
30,15,0.24454741410427194,0.25
30,15,0.21905500935771538,0.2
30,15,0.20871282106963035,0.2
30,15,0.19735005372474473,0.2
0,20,1.0000000000000002,1.0
0,20,1.0000000000000002,1.0
0,20,1.0000000000000002,1.0
0,20,1.0000000000000002,1.0
0,20,1.0000000000000002,1.0
0,20,1.0000000000000002,1.0
0,20,1.0000000000000002,1.0
0,20,1.0000000000000002,1.0
0,20,1.0000000000000002,1.0
0,20,1.0000000000000002,1.0
0,20,1.0000000000000002,1.0
0,20,1.0000000000000002,1.0
0,20,1.0000000000000002,1.0
0,20,1.0000000000000002,1.0
0,20,1.0000000000000002,1.0
0,20,1.0000000000000002,1.0
0,20,1.0000000000000002,1.0
0,20,1.0000000000000002,1.0
0,20,1.0000000000000002,1.0
0,20,1.0000000000000002,1.0
0,20,1.0000000000000002,1.0
0,20,1.0000000000000002,1.0
0,20,1.0000000000000002,1.0
0,20,1.0000000000000002,1.0
0,20,1.0000000000000002,1.0
0,20,1.0000000000000002,1.0
0,20,1.0000000000000002,1.0
0,20,1.0000000000000002,1.0
0,20,1.0000000000000002,1.0
0,20,1.0000000000000002,1.0
0,20,1.0000000000000002,1.0
0,20,1.0000000000000002,1.0
0,20,1.0000000000000002,1.0
0,20,1.0000000000000002,1.0
0,20,1.0000000000000002,1.0
0,20,1.0000000000000002,1.0
0,20,1.0000000000000002,1.0
0,20,1.0000000000000002,1.0
0,20,1.0000000000000002,1.0
0,20,1.0000000000000002,1.0
0,20,1.0000000000000002,1.0
0,20,1.0000000000000002,1.0
0,20,1.0000000000000002,1.0
0,20,1.0000000000000002,1.0
0,20,1.0000000000000002,1.0
0,20,1.0000000000000002,1.0
0,20,1.0000000000000002,1.0
0,20,1.0000000000000002,1.0
0,20,1.0000000000000002,1.0
0,20,1.0000000000000002,1.0
0,20,1.0000000000000002,1.0
0,20,1.0000000000000002,1.0
0,20,1.0000000000000002,1.0
0,20,1.0000000000000002,1.0
0,20,1.0000000000000002,1.0
0,20,1.0000000000000002,1.0
0,20,1.0000000000000002,1.0
0,20,1.0000000000000002,1.0
0,20,1.0000000000000002,1.0
0,20,1.0000000000000002,1.0
0,20,1.0000000000000002,1.0
0,20,1.0000000000000002,1.0
0,20,1.0000000000000002,1.0
0,20,1.0000000000000002,1.0
0,20,1.0000000000000002,1.0
0,20,1.0000000000000002,1.0
0,20,1.0000000000000002,1.0
0,20,1.0000000000000002,1.0
0,20,1.0000000000000002,1.0
0,20,1.0000000000000002,1.0
0,20,1.0000000000000002,1.0
0,20,1.0000000000000002,1.0
0,20,1.0000000000000002,1.0
0,20,1.0000000000000002,1.0
0,20,1.0000000000000002,1.0
0,20,1.0000000000000002,1.0
0,20,1.0000000000000002,1.0
0,20,1.0000000000000002,1.0
0,20,1.0000000000000002,1.0
0,20,1.0000000000000002,1.0
0,20,1.0000000000000002,1.0
0,20,1.0000000000000002,1.0
0,20,1.0000000000000002,1.0
0,20,1.0000000000000002,1.0
0,20,1.0000000000000002,1.0
0,20,1.0000000000000002,1.0
0,20,1.0000000000000002,1.0
0,20,1.0000000000000002,1.0
0,20,1.0000000000000002,1.0
0,20,1.0000000000000002,1.0
0,20,1.0000000000000002,1.0
0,20,1.0000000000000002,1.0
0,20,1.0000000000000002,1.0
0,20,1.0000000000000002,1.0
0,20,1.0000000000000002,1.0
0,20,1.0000000000000002,1.0
0,20,1.0000000000000002,1.0
0,20,1.0000000000000002,1.0
0,20,1.0000000000000002,1.0
0,20,1.0000000000000002,1.0
10,20,0.5741939398830087,0.5384615384615384
10,20,0.42665505483478217,0.3793103448275862
10,20,0.5421822613588867,0.5384615384615384
10,20,0.6587067849789286,0.6666666666666666
10,20,0.625996320786662,0.6666666666666666
10,20,0.577393747166415,0.5384615384615384
10,20,0.5609530092605605,0.5384615384615384
10,20,0.39871334670250497,0.3793103448275862
10,20,0.5466452308028894,0.48148148148148145
10,20,0.4224957861695787,0.3793103448275862
10,20,0.42708100728316634,0.3793103448275862
10,20,0.558673976491578,0.5384615384615384
10,20,0.5972919802429654,0.5384615384615384
10,20,0.4392464486139326,0.48148148148148145
10,20,0.5941785347503651,0.6666666666666666
10,20,0.7053267959194596,0.6666666666666666
10,20,0.5033139053303707,0.3793103448275862
10,20,0.4111441020085265,0.42857142857142855
10,20,0.5297196091324055,0.48148148148148145
10,20,0.48177782078376874,0.5384615384615384
10,20,0.3869514538833408,0.3793103448275862
10,20,0.600304431430051,0.5384615384615384
10,20,0.6174241765552215,0.6
10,20,0.5443841941451646,0.48148148148148145
10,20,0.5721303851212807,0.6666666666666666
10,20,0.5028267820881864,0.42857142857142855
10,20,0.5738503733610942,0.48148148148148145
10,20,0.4567635583492775,0.5384615384615384
10,20,0.5073740267636626,0.48148148148148145
10,20,0.5373297288277119,0.5384615384615384
10,20,0.4338636886089098,0.3793103448275862
10,20,0.5004397320234292,0.42857142857142855
10,20,0.5069605982540034,0.42857142857142855
10,20,0.5741397885248292,0.5384615384615384
10,20,0.5627009137864337,0.48148148148148145
10,20,0.5920345841595198,0.5384615384615384
10,20,0.6360714386243217,0.6
10,20,0.5109490988874543,0.42857142857142855
10,20,0.5683641701557807,0.48148148148148145
10,20,0.5473976000145871,0.48148148148148145
10,20,0.5509398583191124,0.6
10,20,0.6122996537012195,0.6666666666666666
10,20,0.39029453934678504,0.3793103448275862
10,20,0.5690406356432643,0.3333333333333333
10,20,0.5092684710465334,0.48148148148148145
10,20,0.6198854371461562,0.6
10,20,0.4359059552033739,0.3793103448275862
10,20,0.45144261378929107,0.42857142857142855
10,20,0.4311403166085397,0.42857142857142855
10,20,0.6299962955121057,0.7391304347826086
10,20,0.6466186881974733,0.6
10,20,0.6335716221112144,0.5384615384615384
10,20,0.5597529216407743,0.6
10,20,0.38209213851227763,0.42857142857142855
10,20,0.5610729875911462,0.48148148148148145
10,20,0.5990394125392979,0.5384615384615384
10,20,0.7066215258868105,0.7391304347826086
10,20,0.5809927319458158,0.48148148148148145
10,20,0.5223983517188775,0.42857142857142855
10,20,0.5985347432397639,0.6666666666666666
10,20,0.4531775210117558,0.3793103448275862
10,20,0.4773452700484344,0.5384615384615384
10,20,0.39007141114188026,0.42857142857142855
10,20,0.4333328905654792,0.48148148148148145
10,20,0.5907938835953699,0.5384615384615384
10,20,0.5828517010407173,0.48148148148148145
10,20,0.4798866505531486,0.3793103448275862
10,20,0.6922240783676408,0.6666666666666666
10,20,0.5236973192702741,0.48148148148148145
10,20,0.49373056401257637,0.6
10,20,0.3853545309704074,0.42857142857142855
10,20,0.4361492025894265,0.42857142857142855
10,20,0.6035143837387372,0.5384615384615384
10,20,0.5204295380570884,0.48148148148148145
10,20,0.5974859205620653,0.48148148148148145
10,20,0.49142610519788177,0.3333333333333333
10,20,0.4006601231814,0.3793103448275862
10,20,0.5131421481850151,0.6
10,20,0.38642719813854554,0.3793103448275862
10,20,0.5973646576405602,0.48148148148148145
10,20,0.6544695570144246,0.48148148148148145
10,20,0.5273226869225097,0.7391304347826086
10,20,0.5234863979710366,0.3793103448275862
10,20,0.5781072702681291,0.6
10,20,0.47656589734570953,0.5384615384615384
10,20,0.5601493831291554,0.48148148148148145
10,20,0.5620834166420405,0.5384615384615384
10,20,0.5866618828450831,0.6
10,20,0.5801658144115572,0.48148148148148145
10,20,0.48310889113658884,0.48148148148148145
10,20,0.43019148652795075,0.42857142857142855
10,20,0.6241666111226183,0.6
10,20,0.5058027469296864,0.3793103448275862
10,20,0.4312050235167601,0.5384615384615384
10,20,0.5186187602347017,0.48148148148148145
10,20,0.5777820526325541,0.6
10,20,0.5403469979793587,0.3793103448275862
10,20,0.5696338901197487,0.48148148148148145
10,20,0.47817546916387865,0.42857142857142855
10,20,0.5052802974402033,0.48148148148148145
20,20,0.30453256826231856,0.2903225806451613
20,20,0.2466957183086655,0.17647058823529413
20,20,0.3814380239663122,0.2903225806451613
20,20,0.47517327940294984,0.3333333333333333
20,20,0.3343265321281341,0.3793103448275862
20,20,0.4137804735439986,0.3793103448275862
20,20,0.27756014195338885,0.3333333333333333
20,20,0.43923833392940115,0.42857142857142855
20,20,0.4438390665125011,0.2903225806451613
20,20,0.19836800367989577,0.25
20,20,0.4370815102751847,0.42857142857142855
20,20,0.5044922875498965,0.3333333333333333
20,20,0.42042903384052005,0.3793103448275862
20,20,0.3660919911207017,0.48148148148148145
20,20,0.4396261753385067,0.3793103448275862
20,20,0.3286931065180806,0.25
20,20,0.4719196084125198,0.3793103448275862
20,20,0.3108247974587564,0.2903225806451613
20,20,0.5736093730393648,0.48148148148148145
20,20,0.33325431147992574,0.42857142857142855
20,20,0.33284536279632404,0.3333333333333333
20,20,0.3600284749713919,0.42857142857142855
20,20,0.6023090445481235,0.42857142857142855
20,20,0.3601944108848547,0.25
20,20,0.4483772870531978,0.48148148148148145
20,20,0.46663757934540784,0.48148148148148145
20,20,0.3514417551675636,0.3333333333333333
20,20,0.3339153648359269,0.2903225806451613
20,20,0.4500436124894702,0.3333333333333333
20,20,0.6337743449439011,0.5384615384615384
20,20,0.31343422412034194,0.2903225806451613
20,20,0.39666426034479957,0.42857142857142855
20,20,0.27609778378112915,0.2903225806451613
20,20,0.41039560498425676,0.42857142857142855
20,20,0.28199220850701157,0.25
20,20,0.4342695398085973,0.48148148148148145
20,20,0.49931369003294424,0.48148148148148145
20,20,0.41737243901709087,0.42857142857142855
20,20,0.5279055142603255,0.42857142857142855
20,20,0.46804453586574624,0.3793103448275862
20,20,0.3917276033215878,0.25
20,20,0.34911872030728186,0.42857142857142855
20,20,0.25437028121898436,0.25
20,20,0.190333725666615,0.17647058823529413
20,20,0.5223019836596917,0.42857142857142855
20,20,0.40649233013591674,0.3333333333333333
20,20,0.39803851104933247,0.3333333333333333
20,20,0.45592230011058754,0.42857142857142855
20,20,0.20894341756592247,0.21212121212121213
20,20,0.5035663498544437,0.3793103448275862
20,20,0.5463973956856486,0.48148148148148145
20,20,0.5977275607153004,0.5384615384615384
20,20,0.44344352241954244,0.42857142857142855
20,20,0.3844192587598765,0.42857142857142855
20,20,0.4380490236497817,0.3793103448275862
20,20,0.492284175061917,0.3793103448275862
20,20,0.2764065816746679,0.2903225806451613
20,20,0.5228620289682026,0.42857142857142855
20,20,0.5527182994501143,0.5384615384615384
20,20,0.5348472400782959,0.42857142857142855
20,20,0.4588027790479785,0.42857142857142855
20,20,0.41865469511910713,0.3333333333333333
20,20,0.5521118524976483,0.42857142857142855
20,20,0.2758715124894634,0.2903225806451613
20,20,0.49493428746487067,0.3793103448275862
20,20,0.378501956081327,0.3793103448275862
20,20,0.5668946962247777,0.6
20,20,0.6446276783537674,0.5384615384615384
20,20,0.3685275132195596,0.3333333333333333
20,20,0.33066825213106343,0.3333333333333333
20,20,0.19497346472837884,0.21212121212121213
20,20,0.27760396736121373,0.25
20,20,0.5204386011719415,0.42857142857142855
20,20,0.3309746534687898,0.25
20,20,0.34743345517949564,0.2903225806451613
20,20,0.4445107388005204,0.3793103448275862
20,20,0.24113973706801078,0.25
20,20,0.3155820503448723,0.3793103448275862
20,20,0.4091043290664544,0.5384615384615384
20,20,0.49516232774638314,0.3793103448275862
20,20,0.3031982479927197,0.25
20,20,0.5080704472536379,0.5384615384615384
20,20,0.4039608125101084,0.3333333333333333
20,20,0.5589249529679586,0.48148148148148145
20,20,0.29697820487419047,0.2903225806451613
20,20,0.5008898127348488,0.42857142857142855
20,20,0.46349366044258666,0.3333333333333333
20,20,0.5472316697313782,0.42857142857142855
20,20,0.576193993139713,0.42857142857142855
20,20,0.41803342335180105,0.3333333333333333
20,20,0.39431280482795816,0.42857142857142855
20,20,0.3685986737745622,0.25
20,20,0.4512444316745439,0.2903225806451613
20,20,0.4624837015183992,0.42857142857142855
20,20,0.38484975709395697,0.3333333333333333
20,20,0.43350775651223716,0.3793103448275862
20,20,0.2589584593528343,0.25
20,20,0.22822070556242147,0.25
20,20,0.5008672179007401,0.42857142857142855
20,20,0.28858292973748034,0.3333333333333333
30,20,0.13824307436588967,0.14285714285714285
30,20,0.2976592034719828,0.25
30,20,0.28077822366895955,0.25
30,20,0.44976015553834664,0.42857142857142855
30,20,0.27605368568008826,0.2903225806451613
30,20,0.4300787659277784,0.48148148148148145
30,20,0.18928199482404892,0.25
30,20,0.2577780839689948,0.2903225806451613
30,20,0.20844384486901085,0.25
30,20,0.22752133603468228,0.25
30,20,0.5134161365174597,0.3793103448275862
30,20,0.27616076654664384,0.2903225806451613
30,20,0.26789447270275735,0.3333333333333333
30,20,0.38022892045020246,0.3793103448275862
30,20,0.17791066299489006,0.21212121212121213
30,20,0.1954443809945416,0.17647058823529413
30,20,0.39106211172303995,0.25
30,20,0.3035120954232762,0.25
30,20,0.4474594171277742,0.42857142857142855
30,20,0.24377981444621727,0.2903225806451613
30,20,0.22486408274376873,0.17647058823529413
30,20,0.47310711292712604,0.42857142857142855
30,20,0.18177649223492715,0.17647058823529413
30,20,0.35379001724386716,0.3793103448275862
30,20,0.4207300296769999,0.2903225806451613
30,20,0.32953828417147546,0.25
30,20,0.22037894639893965,0.25
30,20,0.3977331946292849,0.3333333333333333
30,20,0.20532909029626983,0.21212121212121213
30,20,0.15061643415285575,0.1111111111111111
30,20,0.2684454860935748,0.25
30,20,0.29977485804988435,0.25
30,20,0.29289524671957845,0.2903225806451613
30,20,0.22741276626830265,0.25
30,20,0.33860639970121087,0.3793103448275862
30,20,0.22212599804399874,0.17647058823529413
30,20,0.3262240426092991,0.2903225806451613
30,20,0.42473928297735497,0.3333333333333333
30,20,0.44212347528143014,0.3333333333333333
30,20,0.3077715397143431,0.3333333333333333
30,20,0.2715684643828897,0.2903225806451613
30,20,0.29174087946887595,0.2903225806451613
30,20,0.22476175771556195,0.25
30,20,0.13702024638756616,0.17647058823529413
30,20,0.561370584179497,0.42857142857142855
30,20,0.18622704040433755,0.25
30,20,0.305573629453303,0.25
30,20,0.22255808694699974,0.2903225806451613
30,20,0.22093848689785928,0.25
30,20,0.23980407046119134,0.2903225806451613
30,20,0.23596474016791621,0.2903225806451613
30,20,0.519005719551861,0.42857142857142855
30,20,0.20468999651944814,0.21212121212121213
30,20,0.3383148493987996,0.3793103448275862
30,20,0.44836762318501605,0.2903225806451613
30,20,0.26340870584157994,0.25
30,20,0.2333026103812595,0.25
30,20,0.5102965652569571,0.3333333333333333
30,20,0.2746379460897127,0.3333333333333333
30,20,0.34605405180302706,0.3333333333333333
30,20,0.3672801411516402,0.3333333333333333
30,20,0.34121857213500306,0.3333333333333333
30,20,0.40788126526761614,0.3793103448275862
30,20,0.21704612635839787,0.21212121212121213
30,20,0.4838996149985783,0.2903225806451613
30,20,0.2595917672855965,0.25
30,20,0.3395614097861672,0.21212121212121213
30,20,0.43073933683369636,0.3793103448275862
30,20,0.1522548834142029,0.17647058823529413
30,20,0.30224192591379134,0.2903225806451613
30,20,0.4436139250869438,0.42857142857142855
30,20,0.42721635081898557,0.2903225806451613
30,20,0.5805807578232022,0.48148148148148145
30,20,0.45707672960389745,0.3793103448275862
30,20,0.20109423801733223,0.21212121212121213
30,20,0.3022314617666627,0.3333333333333333
30,20,0.24705536631798197,0.2903225806451613
30,20,0.30858227366786795,0.3793103448275862
30,20,0.2992354675986859,0.2903225806451613
30,20,0.3689481252337769,0.3793103448275862
30,20,0.2919338981509838,0.25
30,20,0.3099482000386027,0.2903225806451613
30,20,0.2575814666511362,0.25
30,20,0.3460392534481155,0.3333333333333333
30,20,0.20607704579135766,0.21212121212121213
30,20,0.3594402218335182,0.2903225806451613
30,20,0.4408093077589881,0.2903225806451613
30,20,0.2653659012685452,0.2903225806451613
30,20,0.3067803859198721,0.3333333333333333
30,20,0.30776753343376706,0.2903225806451613
30,20,0.26235849420358237,0.2903225806451613
30,20,0.28348402862301536,0.3333333333333333
30,20,0.19541740186365325,0.25
30,20,0.30166457357211707,0.2903225806451613
30,20,0.22847605562934037,0.21212121212121213
30,20,0.18466695423795376,0.25
30,20,0.2630315201299494,0.2903225806451613
30,20,0.2285992354644164,0.21212121212121213
30,20,0.254428477798052,0.2903225806451613
30,20,0.200783812946014,0.21212121212121213
0,80,0.9999999999999997,1.0
0,80,0.9999999999999997,1.0
0,80,0.9999999999999997,1.0
0,80,0.9999999999999997,1.0
0,80,0.9999999999999997,1.0
0,80,0.9999999999999997,1.0
0,80,0.9999999999999997,1.0
0,80,0.9999999999999997,1.0
0,80,0.9999999999999997,1.0
0,80,0.9999999999999997,1.0
0,80,0.9999999999999997,1.0
0,80,0.9999999999999997,1.0
0,80,0.9999999999999997,1.0
0,80,0.9999999999999997,1.0
0,80,0.9999999999999997,1.0
0,80,0.9999999999999997,1.0
0,80,0.9999999999999997,1.0
0,80,0.9999999999999997,1.0
0,80,0.9999999999999997,1.0
0,80,0.9999999999999997,1.0
0,80,0.9999999999999997,1.0
0,80,0.9999999999999997,1.0
0,80,0.9999999999999997,1.0
0,80,0.9999999999999997,1.0
0,80,0.9999999999999997,1.0
0,80,0.9999999999999997,1.0
0,80,0.9999999999999997,1.0
0,80,0.9999999999999997,1.0
0,80,0.9999999999999997,1.0
0,80,0.9999999999999997,1.0
0,80,0.9999999999999997,1.0
0,80,0.9999999999999997,1.0
0,80,0.9999999999999997,1.0
0,80,0.9999999999999997,1.0
0,80,0.9999999999999997,1.0
0,80,0.9999999999999997,1.0
0,80,0.9999999999999997,1.0
0,80,0.9999999999999997,1.0
0,80,0.9999999999999997,1.0
0,80,0.9999999999999997,1.0
0,80,0.9999999999999997,1.0
0,80,0.9999999999999997,1.0
0,80,0.9999999999999997,1.0
0,80,0.9999999999999997,1.0
0,80,0.9999999999999997,1.0
0,80,0.9999999999999997,1.0
0,80,0.9999999999999997,1.0
0,80,0.9999999999999997,1.0
0,80,0.9999999999999997,1.0
0,80,0.9999999999999997,1.0
0,80,0.9999999999999997,1.0
0,80,0.9999999999999997,1.0
0,80,0.9999999999999997,1.0
0,80,0.9999999999999997,1.0
0,80,0.9999999999999997,1.0
0,80,0.9999999999999997,1.0
0,80,0.9999999999999997,1.0
0,80,0.9999999999999997,1.0
0,80,0.9999999999999997,1.0
0,80,0.9999999999999997,1.0
0,80,0.9999999999999997,1.0
0,80,0.9999999999999997,1.0
0,80,0.9999999999999997,1.0
0,80,0.9999999999999997,1.0
0,80,0.9999999999999997,1.0
0,80,0.9999999999999997,1.0
0,80,0.9999999999999997,1.0
0,80,0.9999999999999997,1.0
0,80,0.9999999999999997,1.0
0,80,0.9999999999999997,1.0
0,80,0.9999999999999997,1.0
0,80,0.9999999999999997,1.0
0,80,0.9999999999999997,1.0
0,80,0.9999999999999997,1.0
0,80,0.9999999999999997,1.0
0,80,0.9999999999999997,1.0
0,80,0.9999999999999997,1.0
0,80,0.9999999999999997,1.0
0,80,0.9999999999999997,1.0
0,80,0.9999999999999997,1.0
0,80,0.9999999999999997,1.0
0,80,0.9999999999999997,1.0
0,80,0.9999999999999997,1.0
0,80,0.9999999999999997,1.0
0,80,0.9999999999999997,1.0
0,80,0.9999999999999997,1.0
0,80,0.9999999999999997,1.0
0,80,0.9999999999999997,1.0
0,80,0.9999999999999997,1.0
0,80,0.9999999999999997,1.0
0,80,0.9999999999999997,1.0
0,80,0.9999999999999997,1.0
0,80,0.9999999999999997,1.0
0,80,0.9999999999999997,1.0
0,80,0.9999999999999997,1.0
0,80,0.9999999999999997,1.0
0,80,0.9999999999999997,1.0
0,80,0.9999999999999997,1.0
0,80,0.9999999999999997,1.0
0,80,0.9999999999999997,1.0
10,80,0.6222266542048297,0.797752808988764
10,80,0.5040189760534768,0.9512195121951219
10,80,0.5860788118236666,0.7582417582417582
10,80,0.6822562515553092,0.797752808988764
10,80,0.6292779963665566,0.9753086419753086
10,80,0.6185544415529611,0.797752808988764
10,80,0.5932471878429236,0.797752808988764
10,80,0.47791782842610864,0.9753086419753086
10,80,0.5980341796822707,0.9047619047619048
10,80,0.48873913417525394,0.7777777777777778
10,80,0.5084252156293698,0.9512195121951219
10,80,0.5776925424506556,0.797752808988764
10,80,0.6441246324515503,0.9512195121951219
10,80,0.4955869479940983,0.9512195121951219
10,80,0.6305470926063024,1.0
10,80,0.7248732900528498,0.8181818181818182
10,80,0.5839871147542798,0.9512195121951219
10,80,0.4838738895562785,0.797752808988764
10,80,0.5832714888754599,0.9753086419753086
10,80,0.533570875608582,0.9512195121951219
10,80,0.4620151883105582,0.9047619047619048
10,80,0.6455619997570113,0.927710843373494
10,80,0.6652402610359806,0.9753086419753086
10,80,0.6002205773236239,0.9753086419753086
10,80,0.5973858109552612,0.927710843373494
10,80,0.5954888414602584,0.927710843373494
10,80,0.6317404914081671,0.9512195121951219
10,80,0.4968636223303684,0.9047619047619048
10,80,0.5572284155733427,0.9047619047619048
10,80,0.5944603594484793,0.9753086419753086
10,80,0.5075500629755613,0.9512195121951219
10,80,0.5743874097574554,0.9047619047619048
10,80,0.5815364457422979,0.9753086419753086
10,80,0.6130928539020032,0.797752808988764
10,80,0.6134458839187711,0.7777777777777778
10,80,0.657542802536202,0.9512195121951219
10,80,0.6775668466602307,0.797752808988764
10,80,0.6019287362216519,0.9753086419753086
10,80,0.6269761940548565,0.7777777777777778
10,80,0.613586499143761,0.797752808988764
10,80,0.5780827951647459,0.927710843373494
10,80,0.6457151599494197,0.927710843373494
10,80,0.46814029935972845,0.8604651162790697
10,80,0.6480224019750309,0.927710843373494
10,80,0.5754669764639194,0.797752808988764
10,80,0.6628732731312832,0.9512195121951219
10,80,0.5110712282276572,0.9047619047619048
10,80,0.5008802745090603,0.927710843373494
10,80,0.5119390068810079,0.9512195121951219
10,80,0.6366691360254224,0.9512195121951219
10,80,0.6791764683318674,0.9512195121951219
10,80,0.6852479038985314,0.797752808988764
10,80,0.5929818138169023,0.797752808988764
10,80,0.4638093250244196,0.927710843373494
10,80,0.6177301142486398,0.9753086419753086
10,80,0.6469886157482361,0.9047619047619048
10,80,0.7212893977532586,0.9512195121951219
10,80,0.6293795779278402,0.8823529411764706
10,80,0.6014915524355807,0.927710843373494
10,80,0.6271147105377372,0.797752808988764
10,80,0.5294977010821384,0.927710843373494
10,80,0.5294575615283313,0.9512195121951219
10,80,0.4635899467187045,0.797752808988764
10,80,0.4905081571747991,0.9047619047619048
10,80,0.6421650384422037,0.797752808988764
10,80,0.6247359685657236,0.9753086419753086
10,80,0.5588124361956561,0.9753086419753086
10,80,0.7151897341861224,0.9753086419753086
10,80,0.5887968474472283,0.9753086419753086
10,80,0.523327376186252,0.9512195121951219
10,80,0.4579761350529683,0.9047619047619048
10,80,0.4958987777944041,0.9753086419753086
10,80,0.6404902917229481,0.9753086419753086
10,80,0.5840454553622401,0.927710843373494
10,80,0.6591438281306097,0.8823529411764706
10,80,0.5799442641080824,0.797752808988764
10,80,0.48484931199873105,0.9047619047619048
10,80,0.5422200800701554,0.9047619047619048
10,80,0.46291749211336414,0.797752808988764
10,80,0.661198640136821,0.927710843373494
10,80,0.7164316546599198,0.9512195121951219
10,80,0.5415256938312052,1.0
10,80,0.6097161174392545,0.9512195121951219
10,80,0.6031764810769351,0.9753086419753086
10,80,0.5259399843756634,1.0
10,80,0.6353093645847405,1.0
10,80,0.6069516185088634,0.9512195121951219
10,80,0.6296981064981954,1.0
10,80,0.6459975864200876,0.9512195121951219
10,80,0.5385862865196474,0.8181818181818182
10,80,0.5089730839190492,0.9753086419753086
10,80,0.6675082052107684,0.9753086419753086
10,80,0.5615364430675911,0.9512195121951219
10,80,0.4710862496684575,0.927710843373494
10,80,0.5825560371384337,0.9047619047619048
10,80,0.6178503873497452,0.9753086419753086
10,80,0.6064508296009091,0.9047619047619048
10,80,0.6178366638955094,0.927710843373494
10,80,0.5471423224809155,0.9753086419753086
10,80,0.5702874800763214,0.927710843373494
20,80,0.4153693302348694,0.797752808988764
20,80,0.3729094568060101,0.927710843373494
20,80,0.45052035030760385,0.9047619047619048
20,80,0.5750326886335815,0.797752808988764
20,80,0.3945749802403543,0.927710843373494
20,80,0.48201140892694444,0.797752808988764
20,80,0.3533954392023837,0.7777777777777778
20,80,0.5043196466819724,0.927710843373494
20,80,0.5194680058899404,0.7777777777777778
20,80,0.29692893895028605,0.7777777777777778
20,80,0.486622684849363,0.8823529411764706
20,80,0.5900565908711191,0.797752808988764
20,80,0.4798230121631114,0.797752808988764
20,80,0.42235270393191604,0.797752808988764
20,80,0.5089156346113552,0.927710843373494
20,80,0.416628130183626,0.8181818181818182
20,80,0.5297183222234412,0.9512195121951219
20,80,0.38263894261635595,0.927710843373494
20,80,0.6179924843075121,0.9753086419753086
20,80,0.39198305174642883,0.9753086419753086
20,80,0.4248858985199011,0.8823529411764706
20,80,0.4176343434313307,0.9047619047619048
20,80,0.6629995359562398,0.9047619047619048
20,80,0.46526824206549766,0.797752808988764
20,80,0.5103089314093857,0.9047619047619048
20,80,0.5162463976597149,0.9047619047619048
20,80,0.44348526511066433,0.9512195121951219
20,80,0.42928510974169326,0.9047619047619048
20,80,0.5432315003307916,0.797752808988764
20,80,0.6654028953830194,0.8823529411764706
20,80,0.4241667272029144,0.9047619047619048
20,80,0.4492584634032878,0.9753086419753086
20,80,0.37338390098112845,0.8604651162790697
20,80,0.4622709908356854,0.7582417582417582
20,80,0.38918118518210276,0.7777777777777778
20,80,0.4812193756524641,0.8823529411764706
20,80,0.5415672856001702,0.7777777777777778
20,80,0.47117410363290385,0.797752808988764
20,80,0.5701809610137383,0.797752808988764
20,80,0.5473787908910844,0.7391304347826086
20,80,0.5037519384131889,0.9047619047619048
20,80,0.4217243605766207,0.8823529411764706
20,80,0.3449970382629379,0.8604651162790697
20,80,0.31069963103105436,0.797752808988764
20,80,0.5755440206032105,0.797752808988764
20,80,0.4953700767624297,0.9512195121951219
20,80,0.48956584270292247,0.8604651162790697
20,80,0.5131334492106413,0.9512195121951219
20,80,0.3320642843723302,0.927710843373494
20,80,0.5669921843999386,0.9512195121951219
20,80,0.5970256046812152,0.9512195121951219
20,80,0.6185096985168004,0.7582417582417582
20,80,0.4920205096950412,0.7777777777777778
20,80,0.4398414636480438,0.8604651162790697
20,80,0.4988701681014699,0.797752808988764
20,80,0.548117645945009,0.8823529411764706
20,80,0.3862856957186708,0.927710843373494
20,80,0.5906282358531129,0.8823529411764706
20,80,0.5944258797834144,0.9047619047619048
20,80,0.5943406669631341,0.797752808988764
20,80,0.515805201097737,0.927710843373494
20,80,0.5254371376415728,0.9047619047619048
20,80,0.6087244954567188,0.797752808988764
20,80,0.36400725118065597,0.8823529411764706
20,80,0.5636997350444591,0.797752808988764
20,80,0.43564824366008614,0.8181818181818182
20,80,0.5932206369366596,0.797752808988764
20,80,0.6896996562199913,0.9512195121951219
20,80,0.44503794994370255,0.927710843373494
20,80,0.41007779432647423,0.927710843373494
20,80,0.3173515655166745,0.927710843373494
20,80,0.402030022171116,0.8823529411764706
20,80,0.5841789579011457,0.927710843373494
20,80,0.44141603801198165,0.7777777777777778
20,80,0.45398067536160247,0.8823529411764706
20,80,0.5240554330810984,0.7777777777777778
20,80,0.3470391838855087,0.797752808988764
20,80,0.38550153989989666,0.9047619047619048
20,80,0.43386938378606815,0.8604651162790697
20,80,0.5644368233220419,0.797752808988764
20,80,0.39997197336873097,0.927710843373494
20,80,0.5488625537474805,0.9047619047619048
20,80,0.5062843367803538,0.9047619047619048
20,80,0.6017059609168443,0.927710843373494
20,80,0.4018768591917489,0.9512195121951219
20,80,0.5717416955908029,0.9047619047619048
20,80,0.5574333856587044,0.9512195121951219
20,80,0.6158976383618111,1.0
20,80,0.6428628342628889,0.9047619047619048
20,80,0.5025033924972311,0.8390804597701149
20,80,0.45178914247714025,0.927710843373494
20,80,0.4756391385553775,0.8823529411764706
20,80,0.5338056203444576,0.7777777777777778
20,80,0.5245133872424778,0.8604651162790697
20,80,0.47558812770399145,0.8604651162790697
20,80,0.5019773028109181,0.9512195121951219
20,80,0.33690706616788824,0.9512195121951219
20,80,0.3353284683542731,0.8181818181818182
20,80,0.5535520178266817,0.9512195121951219
20,80,0.3811411672155022,0.927710843373494
30,80,0.28393622168664334,0.7582417582417582
30,80,0.3936478421275481,0.7777777777777778
30,80,0.36426149106373984,0.9047619047619048
30,80,0.509889215190717,0.7391304347826086
30,80,0.34260219534426006,0.8390804597701149
30,80,0.4609479237468045,0.7582417582417582
30,80,0.29736718374449245,0.7582417582417582
30,80,0.3454183302563728,0.8604651162790697
30,80,0.30490469435663625,0.7582417582417582
30,80,0.31680020963022315,0.7582417582417582
30,80,0.5696253966720856,0.7582417582417582
30,80,0.35155519536222773,0.797752808988764
30,80,0.32962899464856577,0.7777777777777778
30,80,0.42313676622187246,0.8823529411764706
30,80,0.2934888868715644,0.797752808988764
30,80,0.3191418200241161,0.8181818181818182
30,80,0.480397503490898,0.797752808988764
30,80,0.39115356917842997,0.8604651162790697
30,80,0.514472162001697,0.8823529411764706
30,80,0.3427582449982463,0.7391304347826086
30,80,0.37473144078380594,0.8604651162790697
30,80,0.5260289089478928,0.8604651162790697
30,80,0.29492597086227246,0.8823529411764706
30,80,0.41042450752745147,0.8181818181818182
30,80,0.5106719528717699,0.9047619047619048
30,80,0.43744574579892553,0.8823529411764706
30,80,0.30469933778600355,0.9047619047619048
30,80,0.46164018118673156,0.8823529411764706
30,80,0.328283495089924,0.7204301075268817
30,80,0.2687244725454116,0.8390804597701149
30,80,0.37088253631206763,0.7021276595744681
30,80,0.40692270145351295,0.8823529411764706
30,80,0.3591309966699755,0.7391304347826086
30,80,0.31232745164137055,0.8604651162790697
30,80,0.39632285501992204,0.7777777777777778
30,80,0.3307886115468491,0.7204301075268817
30,80,0.41092326664929396,0.797752808988764
30,80,0.48519480466103054,0.8604651162790697
30,80,0.5070468918752667,0.797752808988764
30,80,0.36948844658282715,0.7391304347826086
30,80,0.36007717503809894,0.7391304347826086
30,80,0.39430539681344395,0.7777777777777778
30,80,0.32287445016122224,0.7777777777777778
30,80,0.25526807747883346,0.7777777777777778
30,80,0.6126021001272963,0.7582417582417582
30,80,0.27100031861649165,0.8823529411764706
30,80,0.42965750337658476,0.8823529411764706
30,80,0.31243558049665715,0.7777777777777778
30,80,0.3146072244206408,0.7204301075268817
30,80,0.32101609918318963,0.927710843373494
30,80,0.3133749546674811,0.9047619047619048
30,80,0.5727908486595984,0.7021276595744681
30,80,0.3058969456898275,0.7204301075268817
30,80,0.4014128952860984,0.7391304347826086
30,80,0.523047556979431,0.7777777777777778
30,80,0.35208255708897773,0.797752808988764
30,80,0.3425064119078806,0.9047619047619048
30,80,0.588199874619254,0.8181818181818182
30,80,0.3333606807068348,0.8390804597701149
30,80,0.4250049295772746,0.8181818181818182
30,80,0.46703504381686517,0.927710843373494
30,80,0.4076803901476389,0.8604651162790697
30,80,0.44397141562628767,0.7777777777777778
30,80,0.3273172189217376,0.8823529411764706
30,80,0.5704090756347593,0.7391304347826086
30,80,0.3496780546878329,0.8823529411764706
30,80,0.4428655585316872,0.9047619047619048
30,80,0.4975890034934812,0.9512195121951219
30,80,0.2755592990474624,0.797752808988764
30,80,0.39008073541135124,0.8181818181818182
30,80,0.4991305799134211,0.8823529411764706
30,80,0.4943364346852342,0.8181818181818182
30,80,0.6246957603865091,0.7204301075268817
30,80,0.5047400795252674,0.8823529411764706
30,80,0.3050361233235968,0.8390804597701149
30,80,0.366115490877998,0.797752808988764
30,80,0.35245021433638485,0.797752808988764
30,80,0.36209892854152337,0.9047619047619048
30,80,0.37678528799410105,0.8823529411764706
30,80,0.4308287190764223,0.8390804597701149
30,80,0.3935061051572825,0.8604651162790697
30,80,0.3851079411898345,0.7582417582417582
30,80,0.35845915218430874,0.7021276595744681
30,80,0.4325774737600106,0.9512195121951219
30,80,0.3243539193746525,0.8823529411764706
30,80,0.4508797926342098,0.927710843373494
30,80,0.5241041625884918,0.7777777777777778
30,80,0.35385280738043845,0.9512195121951219
30,80,0.3773718838708697,0.9047619047619048
30,80,0.3914263102137296,0.797752808988764
30,80,0.3661417620470922,0.9047619047619048
30,80,0.35184179318606307,0.9047619047619048
30,80,0.28885922581365786,0.7582417582417582
30,80,0.3663717830022909,0.8390804597701149
30,80,0.3304114803608365,0.797752808988764
30,80,0.2817401146680647,0.8604651162790697
30,80,0.34021762385213467,0.797752808988764
30,80,0.327099885445596,0.8823529411764706
30,80,0.3408042895020512,0.8604651162790697
30,80,0.3128773162858266,0.7582417582417582
0,100,0.9999999999999993,1.0
0,100,0.9999999999999993,1.0
0,100,0.9999999999999993,1.0
0,100,0.9999999999999993,1.0
0,100,0.9999999999999993,1.0
0,100,0.9999999999999993,1.0
0,100,0.9999999999999993,1.0
0,100,0.9999999999999993,1.0
0,100,0.9999999999999993,1.0
0,100,0.9999999999999993,1.0
0,100,0.9999999999999993,1.0
0,100,0.9999999999999993,1.0
0,100,0.9999999999999993,1.0
0,100,0.9999999999999993,1.0
0,100,0.9999999999999993,1.0
0,100,0.9999999999999993,1.0
0,100,0.9999999999999993,1.0
0,100,0.9999999999999993,1.0
0,100,0.9999999999999993,1.0
0,100,0.9999999999999993,1.0
0,100,0.9999999999999993,1.0
0,100,0.9999999999999993,1.0
0,100,0.9999999999999993,1.0
0,100,0.9999999999999993,1.0
0,100,0.9999999999999993,1.0
0,100,0.9999999999999993,1.0
0,100,0.9999999999999993,1.0
0,100,0.9999999999999993,1.0
0,100,0.9999999999999993,1.0
0,100,0.9999999999999993,1.0
0,100,0.9999999999999993,1.0
0,100,0.9999999999999993,1.0
0,100,0.9999999999999993,1.0
0,100,0.9999999999999993,1.0
0,100,0.9999999999999993,1.0
0,100,0.9999999999999993,1.0
0,100,0.9999999999999993,1.0
0,100,0.9999999999999993,1.0
0,100,0.9999999999999993,1.0
0,100,0.9999999999999993,1.0
0,100,0.9999999999999993,1.0
0,100,0.9999999999999993,1.0
0,100,0.9999999999999993,1.0
0,100,0.9999999999999993,1.0
0,100,0.9999999999999993,1.0
0,100,0.9999999999999993,1.0
0,100,0.9999999999999993,1.0
0,100,0.9999999999999993,1.0
0,100,0.9999999999999993,1.0
0,100,0.9999999999999993,1.0
0,100,0.9999999999999993,1.0
0,100,0.9999999999999993,1.0
0,100,0.9999999999999993,1.0
0,100,0.9999999999999993,1.0
0,100,0.9999999999999993,1.0
0,100,0.9999999999999993,1.0
0,100,0.9999999999999993,1.0
0,100,0.9999999999999993,1.0
0,100,0.9999999999999993,1.0
0,100,0.9999999999999993,1.0
0,100,0.9999999999999993,1.0
0,100,0.9999999999999993,1.0
0,100,0.9999999999999993,1.0
0,100,0.9999999999999993,1.0
0,100,0.9999999999999993,1.0
0,100,0.9999999999999993,1.0
0,100,0.9999999999999993,1.0
0,100,0.9999999999999993,1.0
0,100,0.9999999999999993,1.0
0,100,0.9999999999999993,1.0
0,100,0.9999999999999993,1.0
0,100,0.9999999999999993,1.0
0,100,0.9999999999999993,1.0
0,100,0.9999999999999993,1.0
0,100,0.9999999999999993,1.0
0,100,0.9999999999999993,1.0
0,100,0.9999999999999993,1.0
0,100,0.9999999999999993,1.0
0,100,0.9999999999999993,1.0
0,100,0.9999999999999993,1.0
0,100,0.9999999999999993,1.0
0,100,0.9999999999999993,1.0
0,100,0.9999999999999993,1.0
0,100,0.9999999999999993,1.0
0,100,0.9999999999999993,1.0
0,100,0.9999999999999993,1.0
0,100,0.9999999999999993,1.0
0,100,0.9999999999999993,1.0
0,100,0.9999999999999993,1.0
0,100,0.9999999999999993,1.0
0,100,0.9999999999999993,1.0
0,100,0.9999999999999993,1.0
0,100,0.9999999999999993,1.0
0,100,0.9999999999999993,1.0
0,100,0.9999999999999993,1.0
0,100,0.9999999999999993,1.0
0,100,0.9999999999999993,1.0
0,100,0.9999999999999993,1.0
0,100,0.9999999999999993,1.0
0,100,0.9999999999999993,1.0
10,100,0.6231632279752285,0.9801980198019802
10,100,0.5041628453321004,0.9607843137254902
10,100,0.5873527388960831,0.9607843137254902
10,100,0.6830704707963893,0.9607843137254902
10,100,0.6292418459803414,0.9801980198019802
10,100,0.6193243540734094,0.941747572815534
10,100,0.5940919521813142,0.941747572815534
10,100,0.4777874618053067,0.9607843137254902
10,100,0.598230948972469,0.941747572815534
10,100,0.48985252637041826,0.9801980198019802
10,100,0.5084903471593839,0.9607843137254902
10,100,0.5784909364060463,0.9607843137254902
10,100,0.6442930438965612,0.9801980198019802
10,100,0.49573389639281096,0.9607843137254902
10,100,0.6303071978274625,0.9801980198019802
10,100,0.72567558876043,0.9607843137254902
10,100,0.5840892005388407,0.9801980198019802
10,100,0.4847524966946523,0.9607843137254902
10,100,0.583268799674595,0.9801980198019802
10,100,0.5336444698022462,0.9607843137254902
10,100,0.4624613386899412,0.9801980198019802
10,100,0.6458540289140671,0.9801980198019802
10,100,0.6650990358260594,0.9607843137254902
10,100,0.6002417902653753,0.9801980198019802
10,100,0.5976784906675967,0.9801980198019802
10,100,0.5958260080925997,0.9801980198019802
10,100,0.6319332913478142,0.9801980198019802
10,100,0.497355388734836,0.9801980198019802
10,100,0.5575287493197564,0.9607843137254902
10,100,0.5943716156868473,0.9801980198019802
10,100,0.5077723146302399,1.0
10,100,0.574680145337066,0.9607843137254902
10,100,0.5816331055183541,1.0
10,100,0.6137794870685881,0.9230769230769231
10,100,0.614486144268016,0.9607843137254902
10,100,0.6577213061703246,0.9801980198019802
10,100,0.678440108385879,0.9607843137254902
10,100,0.6018858015698355,0.9801980198019802
10,100,0.6280413929331148,0.941747572815534
10,100,0.6143630709924315,0.941747572815534
10,100,0.578370190527032,0.9801980198019802
10,100,0.6460653510729656,0.9801980198019802
10,100,0.4688977637700802,0.9607843137254902
10,100,0.648263323935745,0.9607843137254902
10,100,0.5762419099663205,0.941747572815534
10,100,0.6629703756225737,0.9801980198019802
10,100,0.5116306386298268,1.0
10,100,0.5011368311106527,0.9607843137254902
10,100,0.512173790063776,1.0
10,100,0.6368338485782836,0.9801980198019802
10,100,0.6792275794370025,0.9607843137254902
10,100,0.6861932258158757,0.9607843137254902
10,100,0.593778064017386,0.9607843137254902
10,100,0.464212811275138,1.0
10,100,0.6175367387564147,0.9607843137254902
10,100,0.6474971266546771,0.9801980198019802
10,100,0.7214592922879731,1.0
10,100,0.6300349048293747,0.9801980198019802
10,100,0.6016875545388298,0.9607843137254902
10,100,0.6280060464229241,0.941747572815534
10,100,0.5298026940588918,0.9607843137254902
10,100,0.5296667062170751,1.0
10,100,0.4644491246769357,0.941747572815534
10,100,0.4908850097449765,0.9607843137254902
10,100,0.6430367338700803,0.9607843137254902
10,100,0.6247193996831901,0.9801980198019802
10,100,0.5588373915506192,0.9801980198019802
10,100,0.7150829638781291,0.9607843137254902
10,100,0.588809675954916,0.9801980198019802
10,100,0.5234529401141529,1.0
10,100,0.45858704577640863,1.0
10,100,0.495838636654969,0.9801980198019802
10,100,0.6403238432770442,0.941747572815534
10,100,0.5843957466646654,0.9801980198019802
10,100,0.6598507542581623,1.0
10,100,0.5808368606854697,0.9607843137254902
10,100,0.48536625055660887,0.9801980198019802
10,100,0.542694608939952,0.9801980198019802
10,100,0.46373488512463085,0.941747572815534
10,100,0.6616025365043845,1.0
10,100,0.7166561111499196,1.0
10,100,0.5413320326175021,0.9801980198019802
10,100,0.6098652136600944,0.9801980198019802
10,100,0.6030496303620636,0.9607843137254902
10,100,0.5257336449137432,0.9607843137254902
10,100,0.6351086013743195,0.9801980198019802
10,100,0.6070440065319295,0.9607843137254902
10,100,0.6295100811087301,0.9801980198019802
10,100,0.6461624602556116,0.9801980198019802
10,100,0.5393690417870246,0.9607843137254902
10,100,0.5089152708358627,0.9801980198019802
10,100,0.6674617308054503,0.9801980198019802
10,100,0.561706744536028,0.9801980198019802
10,100,0.47124934457949064,0.9607843137254902
10,100,0.5830817502246373,0.9801980198019802
10,100,0.6178151489946684,0.9607843137254902
10,100,0.6067124875079887,0.9230769230769231
10,100,0.6181424614011305,0.9801980198019802
10,100,0.547094539898532,0.9801980198019802
10,100,0.5704639832988694,0.9607843137254902
20,100,0.41625317773621484,0.9607843137254902
20,100,0.37285340161939134,0.9230769230769231
20,100,0.4508478289974416,0.9607843137254902
20,100,0.5757002272152889,0.9230769230769231
20,100,0.3947042329274275,0.941747572815534
20,100,0.4828798491118056,0.9607843137254902
20,100,0.35436889947629496,0.9230769230769231
20,100,0.5044453206045681,0.941747572815534
20,100,0.520173729061826,0.8867924528301887
20,100,0.2980451407215429,0.9607843137254902
20,100,0.4871411959060348,0.9607843137254902
20,100,0.5907486193747212,0.9230769230769231
20,100,0.4804207035996333,0.9047619047619048
20,100,0.42298279066503647,0.9047619047619048
20,100,0.5090821776650103,0.9607843137254902
20,100,0.4173151500976973,0.941747572815534
20,100,0.5298054401717469,0.9801980198019802
20,100,0.38276332271828495,0.9607843137254902
20,100,0.6176580042062264,0.9230769230769231
20,100,0.3917827770194356,0.9607843137254902
20,100,0.42547731947192075,0.9801980198019802
20,100,0.41790519578692925,0.9607843137254902
20,100,0.6632225365838182,0.941747572815534
20,100,0.4661135222230342,0.9047619047619048
20,100,0.5106801233874345,0.9607843137254902
20,100,0.5167171123961793,0.9801980198019802
20,100,0.44351608750365656,0.941747572815534
20,100,0.42978157296887776,0.9801980198019802
20,100,0.5441213438986512,0.941747572815534
20,100,0.665812106011958,0.9607843137254902
20,100,0.4245790708871024,0.9607843137254902
20,100,0.4488997661765178,0.941747572815534
20,100,0.373934201540675,0.9607843137254902
20,100,0.4632424180363414,0.8867924528301887
20,100,0.39012858659387356,0.941747572815534
20,100,0.4816710317405303,0.9801980198019802
20,100,0.5424508771138116,0.9230769230769231
20,100,0.4719505392492241,0.9607843137254902
20,100,0.5708588952415855,0.8867924528301887
20,100,0.548534257742901,0.9047619047619048
20,100,0.5040934133908583,0.941747572815534
20,100,0.4222699581996665,0.9607843137254902
20,100,0.3456780380839607,0.9607843137254902
20,100,0.3114515225491059,0.9047619047619048
20,100,0.5762322639381963,0.9230769230769231
20,100,0.4951562281514041,0.9047619047619048
20,100,0.4904530434538465,1.0
20,100,0.5129389061524736,0.9230769230769231
20,100,0.33230667145383563,0.9607843137254902
20,100,0.5669941814861558,0.9607843137254902
20,100,0.5969034942077492,0.941747572815534
20,100,0.6197014137423122,0.9607843137254902
20,100,0.4927580118402267,0.9047619047619048
20,100,0.4405542634279021,0.941747572815534
20,100,0.499782081096177,0.941747572815534
20,100,0.5485760785866496,0.9607843137254902
20,100,0.38652453550604376,0.9801980198019802
20,100,0.5911878881896849,0.9801980198019802
20,100,0.59480725228444,0.9801980198019802
20,100,0.5953261159994938,0.941747572815534
20,100,0.5160352242261619,0.9607843137254902
20,100,0.5259378119445758,1.0
20,100,0.609608558043461,0.9801980198019802
20,100,0.36442084757945886,0.9607843137254902
20,100,0.5644293839520121,0.9230769230769231
20,100,0.43630075633264453,0.941747572815534
20,100,0.5941005309339061,0.9607843137254902
20,100,0.6897746094065014,0.9607843137254902
20,100,0.4451514977991037,0.941747572815534
20,100,0.41008167586547056,0.941747572815534
20,100,0.3175484400105125,0.9607843137254902
20,100,0.40251919841231215,0.9230769230769231
20,100,0.5842766579762692,0.941747572815534
20,100,0.44248726695228946,0.941747572815534
20,100,0.4544876375862991,0.941747572815534
20,100,0.5249864035298927,0.941747572815534
20,100,0.3478217431254491,0.941747572815534
20,100,0.38581519677602893,0.9607843137254902
20,100,0.43464745833645274,0.9607843137254902
20,100,0.5652546262268058,0.9230769230769231
20,100,0.40013496033174295,0.9801980198019802
20,100,0.5491240614840982,0.9607843137254902
20,100,0.5067241536750888,0.9801980198019802
20,100,0.6018094485987552,0.941747572815534
20,100,0.40189908872900243,0.9607843137254902
20,100,0.5721139541997384,0.9607843137254902
20,100,0.5575272388112386,0.9607843137254902
20,100,0.6156938566561221,0.9801980198019802
20,100,0.6432268664139035,0.9607843137254902
20,100,0.502921891743011,0.9230769230769231
20,100,0.4519700320453948,0.9607843137254902
20,100,0.47614480927060454,0.9607843137254902
20,100,0.5347909262275776,0.941747572815534
20,100,0.5251276130399306,0.9607843137254902
20,100,0.4762451653588651,0.941747572815534
20,100,0.5019878245023237,0.941747572815534
20,100,0.33677311394725296,0.941747572815534
20,100,0.3361485466335068,0.9607843137254902
20,100,0.5536960320000306,0.9801980198019802
20,100,0.38116079956867766,0.941747572815534
30,100,0.28502746570303994,0.9230769230769231
30,100,0.39425153597818074,0.8867924528301887
30,100,0.3643261529043783,0.941747572815534
30,100,0.5111735255535059,0.941747572815534
30,100,0.343337049963347,0.9230769230769231
30,100,0.46186621951268164,0.9047619047619048
30,100,0.29828375139588803,0.9047619047619048
30,100,0.3458687308394935,0.9047619047619048
30,100,0.3057342309680997,0.8867924528301887
30,100,0.3179048657926183,0.9230769230769231
30,100,0.5706858947408544,0.941747572815534
30,100,0.3520161851986538,0.8867924528301887
30,100,0.33047758842862024,0.9230769230769231
30,100,0.4235530177098806,0.941747572815534
30,100,0.2941033037768473,0.9047619047619048
30,100,0.31961351634710883,0.8867924528301887
30,100,0.4812254701817762,0.941747572815534
30,100,0.39122745839089856,0.8867924528301887
30,100,0.5143671425168231,0.8867924528301887
30,100,0.34416954553876833,0.9607843137254902
30,100,0.37524727307252764,0.9607843137254902
30,100,0.5264174919040769,0.9230769230769231
30,100,0.29500510716133116,0.8867924528301887
30,100,0.41096663641907,0.9230769230769231
30,100,0.5107867368065101,0.9230769230769231
30,100,0.43753955532251293,0.8867924528301887
30,100,0.3044953622588802,0.8518518518518519
30,100,0.4619137968737504,0.9607843137254902
30,100,0.32954635676404753,0.9047619047619048
30,100,0.2692856001302391,0.941747572815534
30,100,0.3721992095923887,0.8691588785046729
30,100,0.40717599901215673,0.9047619047619048
30,100,0.36019114174465633,0.9230769230769231
30,100,0.31274281491215483,0.8867924528301887
30,100,0.3970530300027007,0.9230769230769231
30,100,0.33222560890334185,0.9607843137254902
30,100,0.41171438775408464,0.9047619047619048
30,100,0.4856911628198153,0.941747572815534
30,100,0.5075699971544068,0.8691588785046729
30,100,0.3704134042879395,0.8518518518518519
30,100,0.36088800754729217,0.8691588785046729
30,100,0.3953317586113083,0.941747572815534
30,100,0.32343776637232274,0.8691588785046729
30,100,0.25614891055947475,0.9047619047619048
30,100,0.613536257454468,0.9047619047619048
30,100,0.27107392451180473,0.9047619047619048
30,100,0.4299898574070704,0.9607843137254902
30,100,0.31332382067237646,0.941747572815534
30,100,0.31601499395211957,0.9230769230769231
30,100,0.3208713279496629,0.8867924528301887
30,100,0.3132904934416491,0.9047619047619048
30,100,0.5740115888204491,0.9047619047619048
30,100,0.3067598383650375,0.8518518518518519
30,100,0.4023741777332564,0.8867924528301887
30,100,0.5236882309240407,0.8867924528301887
30,100,0.3531026344543207,0.9607843137254902
30,100,0.3426768236685201,0.9230769230769231
30,100,0.588764752002705,0.941747572815534
30,100,0.3340026002146319,0.9230769230769231
30,100,0.42579112160519206,0.941747572815534
30,100,0.4668806173325279,0.9047619047619048
30,100,0.40804302345180404,0.9230769230769231
30,100,0.44506061205812103,0.941747572815534
30,100,0.3275562016496715,0.9230769230769231
30,100,0.5712522903240402,0.8691588785046729
30,100,0.34998478107369607,0.941747572815534
30,100,0.44304809492013886,0.9607843137254902
30,100,0.4972985490400106,0.8867924528301887
30,100,0.2759374409569087,0.8518518518518519
30,100,0.39086167158298013,0.941747572815534
30,100,0.49931883291716084,0.9230769230769231
30,100,0.4951182423607342,0.9230769230769231
30,100,0.6258696963847766,0.8867924528301887
30,100,0.5051081782062264,0.9230769230769231
30,100,0.30578520041050944,0.941747572815534
30,100,0.3667572669149843,0.9047619047619048
30,100,0.35264672710510914,0.8348623853211009
30,100,0.3622254329947659,0.9230769230769231
30,100,0.3770781698884997,0.9047619047619048
30,100,0.43103317709919625,0.8691588785046729
30,100,0.39396621520153735,0.9607843137254902
30,100,0.38632519472163146,0.941747572815534
30,100,0.3598459601079423,0.9047619047619048
30,100,0.43246512821123495,0.941747572815534
30,100,0.3243659897636467,0.8691588785046729
30,100,0.4507513176178154,0.8867924528301887
30,100,0.524915925263303,0.9230769230769231
30,100,0.3536667897968445,0.9230769230769231
30,100,0.37746040470164083,0.9230769230769231
30,100,0.39222349341381213,0.9230769230769231
30,100,0.366327911127087,0.9801980198019802
30,100,0.35164474495842735,0.8691588785046729
30,100,0.28992599539695274,0.9047619047619048
30,100,0.3670449822729639,0.9607843137254902
30,100,0.3311537917518188,0.9230769230769231
30,100,0.2822701466084927,0.9230769230769231
30,100,0.3408150253713875,0.8867924528301887
30,100,0.327401888342232,0.9230769230769231
30,100,0.3411213839701868,0.9047619047619048
30,100,0.3137442585127212,0.8691588785046729
0,256,0.9999999999999991,1.0
0,256,0.9999999999999991,1.0
0,256,0.9999999999999991,1.0
0,256,0.9999999999999991,1.0
0,256,0.9999999999999991,1.0
0,256,0.9999999999999991,1.0
0,256,0.9999999999999991,1.0
0,256,0.9999999999999991,1.0
0,256,0.9999999999999991,1.0
0,256,0.9999999999999991,1.0
0,256,0.9999999999999991,1.0
0,256,0.9999999999999991,1.0
0,256,0.9999999999999991,1.0
0,256,0.9999999999999991,1.0
0,256,0.9999999999999991,1.0
0,256,0.9999999999999991,1.0
0,256,0.9999999999999991,1.0
0,256,0.9999999999999991,1.0
0,256,0.9999999999999991,1.0
0,256,0.9999999999999991,1.0
0,256,0.9999999999999991,1.0
0,256,0.9999999999999991,1.0
0,256,0.9999999999999991,1.0
0,256,0.9999999999999991,1.0
0,256,0.9999999999999991,1.0
0,256,0.9999999999999991,1.0
0,256,0.9999999999999991,1.0
0,256,0.9999999999999991,1.0
0,256,0.9999999999999991,1.0
0,256,0.9999999999999991,1.0
0,256,0.9999999999999991,1.0
0,256,0.9999999999999991,1.0
0,256,0.9999999999999991,1.0
0,256,0.9999999999999991,1.0
0,256,0.9999999999999991,1.0
0,256,0.9999999999999991,1.0
0,256,0.9999999999999991,1.0
0,256,0.9999999999999991,1.0
0,256,0.9999999999999991,1.0
0,256,0.9999999999999991,1.0
0,256,0.9999999999999991,1.0
0,256,0.9999999999999991,1.0
0,256,0.9999999999999991,1.0
0,256,0.9999999999999991,1.0
0,256,0.9999999999999991,1.0
0,256,0.9999999999999991,1.0
0,256,0.9999999999999991,1.0
0,256,0.9999999999999991,1.0
0,256,0.9999999999999991,1.0
0,256,0.9999999999999991,1.0
0,256,0.9999999999999991,1.0
0,256,0.9999999999999991,1.0
0,256,0.9999999999999991,1.0
0,256,0.9999999999999991,1.0
0,256,0.9999999999999991,1.0
0,256,0.9999999999999991,1.0
0,256,0.9999999999999991,1.0
0,256,0.9999999999999991,1.0
0,256,0.9999999999999991,1.0
0,256,0.9999999999999991,1.0
0,256,0.9999999999999991,1.0
0,256,0.9999999999999991,1.0
0,256,0.9999999999999991,1.0
0,256,0.9999999999999991,1.0
0,256,0.9999999999999991,1.0
0,256,0.9999999999999991,1.0
0,256,0.9999999999999991,1.0
0,256,0.9999999999999991,1.0
0,256,0.9999999999999991,1.0
0,256,0.9999999999999991,1.0
0,256,0.9999999999999991,1.0
0,256,0.9999999999999991,1.0
0,256,0.9999999999999991,1.0
0,256,0.9999999999999991,1.0
0,256,0.9999999999999991,1.0
0,256,0.9999999999999991,1.0
0,256,0.9999999999999991,1.0
0,256,0.9999999999999991,1.0
0,256,0.9999999999999991,1.0
0,256,0.9999999999999991,1.0
0,256,0.9999999999999991,1.0
0,256,0.9999999999999991,1.0
0,256,0.9999999999999991,1.0
0,256,0.9999999999999991,1.0
0,256,0.9999999999999991,1.0
0,256,0.9999999999999991,1.0
0,256,0.9999999999999991,1.0
0,256,0.9999999999999991,1.0
0,256,0.9999999999999991,1.0
0,256,0.9999999999999991,1.0
0,256,0.9999999999999991,1.0
0,256,0.9999999999999991,1.0
0,256,0.9999999999999991,1.0
0,256,0.9999999999999991,1.0
0,256,0.9999999999999991,1.0
0,256,0.9999999999999991,1.0
0,256,0.9999999999999991,1.0
0,256,0.9999999999999991,1.0
0,256,0.9999999999999991,1.0
0,256,0.9999999999999991,1.0
10,256,0.6231319997055438,1.0
10,256,0.5042045716125456,1.0
10,256,0.5874063860228523,1.0
10,256,0.6830930583873601,1.0
10,256,0.6292517207575965,1.0
10,256,0.6193755300103122,1.0
10,256,0.5942007449516558,1.0
10,256,0.4778212743741694,1.0
10,256,0.5983481929783934,1.0
10,256,0.4898397885247785,1.0
10,256,0.508552345921207,1.0
10,256,0.5785397951712873,1.0
10,256,0.6443043776741664,1.0
10,256,0.4957575705690898,1.0
10,256,0.6302936551008385,1.0
10,256,0.7256788617141016,1.0
10,256,0.5840970575092455,1.0
10,256,0.4847717592227164,1.0
10,256,0.5832760768594146,1.0
10,256,0.5337298543484919,1.0
10,256,0.4624400782579126,1.0
10,256,0.6458642663651907,1.0
10,256,0.6651408534249448,1.0
10,256,0.6002629346717863,1.0
10,256,0.5976848404921025,1.0
10,256,0.5958334386520227,1.0
10,256,0.6319551350690731,1.0
10,256,0.49738749025158296,1.0
10,256,0.5575838673114818,1.0
10,256,0.5943709623090919,1.0
10,256,0.5077233085766697,1.0
10,256,0.5747732248556829,1.0
10,256,0.5815662566252402,1.0
10,256,0.61391494979533,1.0
10,256,0.614530808704132,1.0
10,256,0.6577348085089892,1.0
10,256,0.6784770540765913,1.0
10,256,0.6019061550312275,1.0
10,256,0.6281710526216526,1.0
10,256,0.6144690221209861,1.0
10,256,0.5783893523830298,1.0
10,256,0.6460825003001918,1.0
10,256,0.46894395530763905,1.0
10,256,0.6483576068304383,1.0
10,256,0.5763072920484197,1.0
10,256,0.662996512796337,1.0
10,256,0.5115640338128146,1.0
10,256,0.501188952708798,1.0
10,256,0.5121343846213391,1.0
10,256,0.636859363459234,1.0
10,256,0.6792609793909273,1.0
10,256,0.6862154469036822,1.0
10,256,0.593806340361315,1.0
10,256,0.4641480289462846,1.0
10,256,0.6176056450898472,1.0
10,256,0.6475163588296454,1.0
10,256,0.7214124754708696,1.0
10,256,0.6300303098814364,1.0
10,256,0.6017637638391853,1.0
10,256,0.6281115714394027,1.0
10,256,0.5298514621500484,1.0
10,256,0.5296326048010093,1.0
10,256,0.46452062617122697,1.0
10,256,0.49097277659208916,1.0
10,256,0.6430972604618881,1.0
10,256,0.6247479671242974,1.0
10,256,0.5588531524554272,1.0
10,256,0.7151535648417385,1.0
10,256,0.5888085323137492,1.0
10,256,0.5234193655754619,1.0
10,256,0.4585556300339858,1.0
10,256,0.4958145806130904,1.0
10,256,0.6404461034534265,1.0
10,256,0.5843828671456589,1.0
10,256,0.6598252298898658,1.0
10,256,0.5809056836963327,1.0
10,256,0.48534586184025225,1.0
10,256,0.5426750680510328,1.0
10,256,0.46382914929369556,1.0
10,256,0.6615628813485278,1.0
10,256,0.7166000258890775,1.0
10,256,0.5413317253562957,1.0
10,256,0.6098585750317732,1.0
10,256,0.6031000960118768,1.0
10,256,0.5257938446000814,1.0
10,256,0.6351182399726476,1.0
10,256,0.6070805901452211,1.0
10,256,0.6295041413403675,1.0
10,256,0.6461395984968874,1.0
10,256,0.5393989743796661,1.0
10,256,0.5089345623304902,1.0
10,256,0.6674711339398889,1.0
10,256,0.5616938638527021,1.0
10,256,0.4713211176872672,1.0
10,256,0.5830903689582219,1.0
10,256,0.6178271141133113,1.0
10,256,0.6068652799379455,1.0
10,256,0.6181561490633698,1.0
10,256,0.5471073702816333,1.0
10,256,0.5705228969741587,1.0
20,256,0.41625863195486107,1.0
20,256,0.3730084978509362,1.0
20,256,0.45091578966286167,1.0
20,256,0.575810163998708,1.0
20,256,0.39478103917843,1.0
20,256,0.4829174730620279,1.0
20,256,0.3544828689080374,1.0
20,256,0.5045041374608986,1.0
20,256,0.5204099136136153,1.0
20,256,0.2981003041390612,1.0
20,256,0.48720033291244863,1.0
20,256,0.5908470412866255,1.0
20,256,0.48060672789467185,1.0
20,256,0.42313588636603877,1.0
20,256,0.5091239343027186,1.0
20,256,0.41733549913781254,1.0
20,256,0.5298111712588701,1.0
20,256,0.38275913354493935,1.0
20,256,0.6178100011525315,1.0
20,256,0.3918383263222775,1.0
20,256,0.4254802778737688,1.0
20,256,0.4179270735455926,1.0
20,256,0.663280932828527,1.0
20,256,0.4662971834284328,1.0
20,256,0.5107153089406671,1.0
20,256,0.5166958494699885,1.0
20,256,0.4436132730676579,1.0
20,256,0.4297660603279497,1.0
20,256,0.5442065094499212,1.0
20,256,0.6658727330557495,1.0
20,256,0.42459476202100016,1.0
20,256,0.449013378597939,1.0
20,256,0.3739894932352121,1.0
20,256,0.46344855507608745,1.0
20,256,0.39023090447469055,1.0
20,256,0.48163563301302104,1.0
20,256,0.5425548598800376,1.0
20,256,0.47199927972002764,1.0
20,256,0.571098646608071,1.0
20,256,0.5487246102508385,1.0
20,256,0.5041803097951445,1.0
20,256,0.42234753845521056,1.0
20,256,0.3456962051981526,1.0
20,256,0.3116515572158884,1.0
20,256,0.5763490023030198,1.0
20,256,0.495346438613122,1.0
20,256,0.49035320320686476,1.0
20,256,0.5130641008390535,1.0
20,256,0.3323139954730295,1.0
20,256,0.5670395867001157,1.0
20,256,0.5969758455025764,1.0
20,256,0.6197330889705588,1.0
20,256,0.49288057618625736,1.0
20,256,0.44061440831158555,1.0
20,256,0.4997949916141243,1.0
20,256,0.5486393025928181,1.0
20,256,0.38652451386859105,1.0
20,256,0.5911682894446497,1.0
20,256,0.594751660375548,1.0
20,256,0.5953996994054083,1.0
20,256,0.5160272522282697,1.0
20,256,0.5259000534877112,1.0
20,256,0.6095756805374499,1.0
20,256,0.36447946049908764,1.0
20,256,0.5645789790274431,1.0
20,256,0.43638119956223326,1.0
20,256,0.5941751501309677,1.0
20,256,0.6897969565644844,1.0
20,256,0.44525014382338435,1.0
20,256,0.410196639237339,1.0
20,256,0.3175869830642979,1.0
20,256,0.4025958509286954,1.0
20,256,0.5843428659893827,1.0
20,256,0.4425054418090034,1.0
20,256,0.45459322274526204,1.0
20,256,0.5250513835525212,1.0
20,256,0.34789498962970844,1.0
20,256,0.38586351228360916,1.0
20,256,0.434719338751636,1.0
20,256,0.5653630136222763,1.0
20,256,0.40011843801262825,1.0
20,256,0.5491722790304889,1.0
20,256,0.5066911905082487,1.0
20,256,0.6018869688310219,1.0
20,256,0.4019533329274445,1.0
20,256,0.572145472739445,1.0
20,256,0.5575485591407616,1.0
20,256,0.6156561574629071,1.0
20,256,0.6432753100615435,1.0
20,256,0.5030423906426852,1.0
20,256,0.45200055420577223,1.0
20,256,0.4762157482318278,1.0
20,256,0.5348492170348114,1.0
20,256,0.5251842431123226,1.0
20,256,0.4763257470595072,1.0
20,256,0.5020057766988242,1.0
20,256,0.33687579426996156,1.0
20,256,0.3361678584251343,1.0
20,256,0.5536528702082162,1.0
20,256,0.3811936998994019,1.0
30,256,0.2851352358253769,1.0
30,256,0.39446688279945424,1.0
30,256,0.3643709766481115,1.0
30,256,0.5112110291962512,1.0
30,256,0.3434305240541136,1.0
30,256,0.46206395451888443,1.0
30,256,0.29841017717743745,1.0
30,256,0.34600452057257614,1.0
30,256,0.3059269750298963,1.0
30,256,0.3180260643701246,1.0
30,256,0.5707398276008289,1.0
30,256,0.35220772065613054,1.0
30,256,0.33059379533088096,1.0
30,256,0.42361278624500853,1.0
30,256,0.2942802699641638,1.0
30,256,0.31983048355489685,1.0
30,256,0.4812902342191098,1.0
30,256,0.39142227565152415,1.0
30,256,0.5146128249793522,1.0
30,256,0.3441856802013923,1.0
30,256,0.3752703307484505,1.0
30,256,0.5265015781191056,1.0
30,256,0.2951803117068168,1.0
30,256,0.41105871987569426,1.0
30,256,0.5108956840499927,1.0
30,256,0.4377187403271459,1.0
30,256,0.30481128666336094,1.0
30,256,0.4619044433661264,1.0
30,256,0.32972260036963674,1.0
30,256,0.26935575242242443,1.0
30,256,0.37243657174006983,1.0
30,256,0.407364888400771,1.0
30,256,0.36031419779997215,1.0
30,256,0.3129472747512978,1.0
30,256,0.3971217269309415,1.0
30,256,0.3322509032873056,1.0
30,256,0.41185956765940784,1.0
30,256,0.4857544178970654,1.0
30,256,0.5078192488550596,1.0
30,256,0.37065586734980366,1.0
30,256,0.36116500374013755,1.0
30,256,0.3954308756883301,1.0
30,256,0.3236990975807202,1.0
30,256,0.2563369594672444,1.0
30,256,0.6136639379473466,1.0
30,256,0.27125201570368623,1.0
30,256,0.429911718249526,1.0
30,256,0.3134139725475099,1.0
30,256,0.31612399128072444,1.0
30,256,0.3210705785499813,1.0
30,256,0.3134353085771972,1.0
30,256,0.5741199215253577,1.0
30,256,0.3070169540551284,1.0
30,256,0.4025402013688819,1.0
30,256,0.5238952447062128,1.0
30,256,0.35312854401837424,1.0
30,256,0.3427766208413832,1.0
30,256,0.5888242269624516,1.0
30,256,0.3340964105716778,1.0
30,256,0.42584044679276384,1.0
30,256,0.46699783449795335,1.0
30,256,0.40814650100621264,1.0
30,256,0.4450916761708935,1.0
30,256,0.32769780813734917,1.0
30,256,0.5715245644715926,1.0
30,256,0.35005436128912004,1.0
30,256,0.44311507011267104,1.0
30,256,0.49745961948145456,1.0
30,256,0.2762612944339598,1.0
30,256,0.39085301059951794,1.0
30,256,0.4994364082097623,1.0
30,256,0.49517986720619206,1.0
30,256,0.6260720813856874,1.0
30,256,0.5052160234510636,1.0
30,256,0.30583081295494075,1.0
30,256,0.36692354620490236,1.0
30,256,0.35299520025156433,1.0
30,256,0.36228460268806,1.0
30,256,0.3772300247768335,1.0
30,256,0.4312699282988853,1.0
30,256,0.39393086653766424,1.0
30,256,0.38632363564381716,1.0
30,256,0.35999595189474853,1.0
30,256,0.4325316838965857,1.0
30,256,0.32456443962933734,1.0
30,256,0.4509292548304279,1.0
30,256,0.5250020438157686,1.0
30,256,0.35376059694081813,1.0
30,256,0.37761263049340077,1.0
30,256,0.3922425595202832,1.0
30,256,0.3662563979808922,1.0
30,256,0.3519535023333355,1.0
30,256,0.29008074120902044,1.0
30,256,0.36706816553460725,1.0
30,256,0.331298111882551,1.0
30,256,0.2823813410976755,1.0
30,256,0.34105914742659243,1.0
30,256,0.3274720290602286,1.0
30,256,0.34127608072659954,1.0
30,256,0.3139653519374468,1.0
